sku,name,description,meta_title,meta_keywords,meta_description
2140009-CINZA,"Edredom Solteiro Hotelaria Cinza 1,60x2,50","<p><strong>Edredom Solteiro Cinza Dupla Face 150 Fios - Conamore</strong></p><p>O edredom solteiro na cor cinza combina conforto térmico e apresentação padronizada para quartos de hotéis, pousadas, motéis e imóveis de temporada. A tonalidade permite composições neutras e facilita a coordenação com outros itens do enxoval.</p><p>As duas faces são confeccionadas em percal 150 fios 100% algodão. A matelagem mantém distribuída a manta interna de 180 g/m² em 100% poliéster, contribuindo para acabamento uniforme e uso recorrente na hospedagem.</p><p><strong>Características:</strong></p><ul><li>Medidas: 1,60 x 2,50 m</li><li>Tamanho de cama: Solteiro</li><li>Cor: Cinza</li><li>Duas faces em percal 150 fios</li><li>Tecido externo: 100% algodão</li><li>Enchimento: manta 100% poliéster de 180 g/m²</li><li>Acabamento matelado</li></ul><h3>Perguntas frequentes</h3><p><strong>Qual é a composição deste edredom?</strong><br />As duas faces são de percal 150 fios 100% algodão, com enchimento em manta 100% poliéster de 180 g/m².</p><p><strong>Este edredom é dupla face?</strong><br />Sim. O tecido em percal 150 fios 100% algodão está presente nos dois lados da peça.</p><p><strong>Qual é o tamanho do edredom solteiro?</strong><br />O edredom mede 1,60 x 2,50 m e foi dimensionado para cama solteiro.</p><p><strong>Qual a diferença entre cobertor e edredom?</strong><br />O edredom utiliza enchimento interno e acabamento matelado; o cobertor tem estrutura própria destinada ao aquecimento direto. A escolha depende do clima, da apresentação da cama e da rotina de conservação.</p><p><strong>Como escolher edredom para pousada?</strong><br />Considere temperatura da região, dimensões das camas, facilidade de conservação e apresentação desejada. A medida precisa ser compatível com o colchão e com o caimento planejado.</p><p><strong>Como conservar o edredom na hotelaria?</strong><br />Siga as instruções da etiqueta e ajuste lavagem e secagem à capacidade dos equipamentos. A etiqueta do produto prevalece sobre recomendações gerais.</p><p><strong>O edredom colorido pode ser usado em hotelaria?</strong><br />Sim. Cores padronizadas podem diferenciar categorias de quarto e compor a decoração, desde que a operação mantenha controle de estoque e reposição por modelo.</p><p><strong>Onde comprar edredom profissional para hotelaria?</strong><br />A Conamore oferece edredons e outros itens de cama para hotéis, pousadas, motéis e imóveis de temporada.</p>",Edredom Solteiro Cinza 150 Fios | Conamore,"edredom solteiro, edredom cinza, edredom hotelaria, percal 150 fios, edredom 100% algodão, edredom para pousada, enxoval profissional, edredom Conamore","Edredom solteiro cinza 1,60 x 2,50 m para hotelaria, com duas faces em percal 150 fios 100% algodão e manta de 180 g/m²."
2140009-ARGILA,"Edredom Solteiro Hotelaria Argila 1,60x2,50","<p><strong>Edredom Solteiro Argila Dupla Face 150 Fios - Conamore</strong></p><p>O edredom solteiro na cor argila combina conforto térmico e apresentação padronizada para quartos de hotéis, pousadas, motéis e imóveis de temporada. A tonalidade permite composições neutras e facilita a coordenação com outros itens do enxoval.</p><p>As duas faces são confeccionadas em percal 150 fios 100% algodão. A matelagem mantém distribuída a manta interna de 180 g/m² em 100% poliéster, contribuindo para acabamento uniforme e uso recorrente na hospedagem.</p><p><strong>Características:</strong></p><ul><li>Medidas: 1,60 x 2,50 m</li><li>Tamanho de cama: Solteiro</li><li>Cor: Argila</li><li>Duas faces em percal 150 fios</li><li>Tecido externo: 100% algodão</li><li>Enchimento: manta 100% poliéster de 180 g/m²</li><li>Acabamento matelado</li></ul><h3>Perguntas frequentes</h3><p><strong>Qual é a composição deste edredom?</strong><br />As duas faces são de percal 150 fios 100% algodão, com enchimento em manta 100% poliéster de 180 g/m².</p><p><strong>Este edredom é dupla face?</strong><br />Sim. O tecido em percal 150 fios 100% algodão está presente nos dois lados da peça.</p><p><strong>Qual é o tamanho do edredom solteiro?</strong><br />O edredom mede 1,60 x 2,50 m e foi dimensionado para cama solteiro.</p><p><strong>Qual a diferença entre cobertor e edredom?</strong><br />O edredom utiliza enchimento interno e acabamento matelado; o cobertor tem estrutura própria destinada ao aquecimento direto. A escolha depende do clima, da apresentação da cama e da rotina de conservação.</p><p><strong>Como escolher edredom para pousada?</strong><br />Considere temperatura da região, dimensões das camas, facilidade de conservação e apresentação desejada. A medida precisa ser compatível com o colchão e com o caimento planejado.</p><p><strong>Como conservar o edredom na hotelaria?</strong><br />Siga as instruções da etiqueta e ajuste lavagem e secagem à capacidade dos equipamentos. A etiqueta do produto prevalece sobre recomendações gerais.</p><p><strong>O edredom colorido pode ser usado em hotelaria?</strong><br />Sim. Cores padronizadas podem diferenciar categorias de quarto e compor a decoração, desde que a operação mantenha controle de estoque e reposição por modelo.</p><p><strong>Onde comprar edredom profissional para hotelaria?</strong><br />A Conamore oferece edredons e outros itens de cama para hotéis, pousadas, motéis e imóveis de temporada.</p>",Edredom Solteiro Argila 150 Fios | Conamore,"edredom solteiro, edredom argila, edredom hotelaria, percal 150 fios, edredom 100% algodão, edredom para pousada, enxoval profissional, edredom Conamore","Edredom solteiro argila 1,60 x 2,50 m para hotelaria, com duas faces em percal 150 fios 100% algodão e manta de 180 g/m²."
2140010-CINZA,"Edredom Casal Hotelaria Cinza 2,20x2,50","<p><strong>Edredom Casal Cinza Dupla Face 150 Fios - Conamore</strong></p><p>O edredom casal na cor cinza combina conforto térmico e apresentação padronizada para quartos de hotéis, pousadas, motéis e imóveis de temporada. A tonalidade permite composições neutras e facilita a coordenação com outros itens do enxoval.</p><p>As duas faces são confeccionadas em percal 150 fios 100% algodão. A matelagem mantém distribuída a manta interna de 180 g/m² em 100% poliéster, contribuindo para acabamento uniforme e uso recorrente na hospedagem.</p><p><strong>Características:</strong></p><ul><li>Medidas: 2,20 x 2,50 m</li><li>Tamanho de cama: Casal</li><li>Cor: Cinza</li><li>Duas faces em percal 150 fios</li><li>Tecido externo: 100% algodão</li><li>Enchimento: manta 100% poliéster de 180 g/m²</li><li>Acabamento matelado</li></ul><h3>Perguntas frequentes</h3><p><strong>Qual é a composição deste edredom?</strong><br />As duas faces são de percal 150 fios 100% algodão, com enchimento em manta 100% poliéster de 180 g/m².</p><p><strong>Este edredom é dupla face?</strong><br />Sim. O tecido em percal 150 fios 100% algodão está presente nos dois lados da peça.</p><p><strong>Qual é o tamanho do edredom casal?</strong><br />O edredom mede 2,20 x 2,50 m e foi dimensionado para cama casal.</p><p><strong>Qual a diferença entre cobertor e edredom?</strong><br />O edredom utiliza enchimento interno e acabamento matelado; o cobertor tem estrutura própria destinada ao aquecimento direto. A escolha depende do clima, da apresentação da cama e da rotina de conservação.</p><p><strong>Como escolher edredom para pousada?</strong><br />Considere temperatura da região, dimensões das camas, facilidade de conservação e apresentação desejada. A medida precisa ser compatível com o colchão e com o caimento planejado.</p><p><strong>Como conservar o edredom na hotelaria?</strong><br />Siga as instruções da etiqueta e ajuste lavagem e secagem à capacidade dos equipamentos. A etiqueta do produto prevalece sobre recomendações gerais.</p><p><strong>O edredom colorido pode ser usado em hotelaria?</strong><br />Sim. Cores padronizadas podem diferenciar categorias de quarto e compor a decoração, desde que a operação mantenha controle de estoque e reposição por modelo.</p><p><strong>Onde comprar edredom profissional para hotelaria?</strong><br />A Conamore oferece edredons e outros itens de cama para hotéis, pousadas, motéis e imóveis de temporada.</p>",Edredom Casal Cinza 150 Fios | Conamore,"edredom casal, edredom cinza, edredom hotelaria, percal 150 fios, edredom 100% algodão, edredom para pousada, enxoval profissional, edredom Conamore","Edredom casal cinza 2,20 x 2,50 m para hotelaria, com duas faces em percal 150 fios 100% algodão e manta de 180 g/m²."
2140010-ARGILA,"Edredom Casal Hotelaria Argila 2,20x2,50","<p><strong>Edredom Casal Argila Dupla Face 150 Fios - Conamore</strong></p><p>O edredom casal na cor argila combina conforto térmico e apresentação padronizada para quartos de hotéis, pousadas, motéis e imóveis de temporada. A tonalidade permite composições neutras e facilita a coordenação com outros itens do enxoval.</p><p>As duas faces são confeccionadas em percal 150 fios 100% algodão. A matelagem mantém distribuída a manta interna de 180 g/m² em 100% poliéster, contribuindo para acabamento uniforme e uso recorrente na hospedagem.</p><p><strong>Características:</strong></p><ul><li>Medidas: 2,20 x 2,50 m</li><li>Tamanho de cama: Casal</li><li>Cor: Argila</li><li>Duas faces em percal 150 fios</li><li>Tecido externo: 100% algodão</li><li>Enchimento: manta 100% poliéster de 180 g/m²</li><li>Acabamento matelado</li></ul><h3>Perguntas frequentes</h3><p><strong>Qual é a composição deste edredom?</strong><br />As duas faces são de percal 150 fios 100% algodão, com enchimento em manta 100% poliéster de 180 g/m².</p><p><strong>Este edredom é dupla face?</strong><br />Sim. O tecido em percal 150 fios 100% algodão está presente nos dois lados da peça.</p><p><strong>Qual é o tamanho do edredom casal?</strong><br />O edredom mede 2,20 x 2,50 m e foi dimensionado para cama casal.</p><p><strong>Qual a diferença entre cobertor e edredom?</strong><br />O edredom utiliza enchimento interno e acabamento matelado; o cobertor tem estrutura própria destinada ao aquecimento direto. A escolha depende do clima, da apresentação da cama e da rotina de conservação.</p><p><strong>Como escolher edredom para pousada?</strong><br />Considere temperatura da região, dimensões das camas, facilidade de conservação e apresentação desejada. A medida precisa ser compatível com o colchão e com o caimento planejado.</p><p><strong>Como conservar o edredom na hotelaria?</strong><br />Siga as instruções da etiqueta e ajuste lavagem e secagem à capacidade dos equipamentos. A etiqueta do produto prevalece sobre recomendações gerais.</p><p><strong>O edredom colorido pode ser usado em hotelaria?</strong><br />Sim. Cores padronizadas podem diferenciar categorias de quarto e compor a decoração, desde que a operação mantenha controle de estoque e reposição por modelo.</p><p><strong>Onde comprar edredom profissional para hotelaria?</strong><br />A Conamore oferece edredons e outros itens de cama para hotéis, pousadas, motéis e imóveis de temporada.</p>",Edredom Casal Argila 150 Fios | Conamore,"edredom casal, edredom argila, edredom hotelaria, percal 150 fios, edredom 100% algodão, edredom para pousada, enxoval profissional, edredom Conamore","Edredom casal argila 2,20 x 2,50 m para hotelaria, com duas faces em percal 150 fios 100% algodão e manta de 180 g/m²."
2140011-CINZA,"Edredom Queen Hotelaria Cinza 2,50x2,60","<p><strong>Edredom Queen Cinza Dupla Face 150 Fios - Conamore</strong></p><p>O edredom queen na cor cinza combina conforto térmico e apresentação padronizada para quartos de hotéis, pousadas, motéis e imóveis de temporada. A tonalidade permite composições neutras e facilita a coordenação com outros itens do enxoval.</p><p>As duas faces são confeccionadas em percal 150 fios 100% algodão. A matelagem mantém distribuída a manta interna de 180 g/m² em 100% poliéster, contribuindo para acabamento uniforme e uso recorrente na hospedagem.</p><p><strong>Características:</strong></p><ul><li>Medidas: 2,50 x 2,60 m</li><li>Tamanho de cama: Queen</li><li>Cor: Cinza</li><li>Duas faces em percal 150 fios</li><li>Tecido externo: 100% algodão</li><li>Enchimento: manta 100% poliéster de 180 g/m²</li><li>Acabamento matelado</li></ul><h3>Perguntas frequentes</h3><p><strong>Qual é a composição deste edredom?</strong><br />As duas faces são de percal 150 fios 100% algodão, com enchimento em manta 100% poliéster de 180 g/m².</p><p><strong>Este edredom é dupla face?</strong><br />Sim. O tecido em percal 150 fios 100% algodão está presente nos dois lados da peça.</p><p><strong>Qual é o tamanho do edredom queen?</strong><br />O edredom mede 2,50 x 2,60 m e foi dimensionado para cama queen.</p><p><strong>Qual a diferença entre cobertor e edredom?</strong><br />O edredom utiliza enchimento interno e acabamento matelado; o cobertor tem estrutura própria destinada ao aquecimento direto. A escolha depende do clima, da apresentação da cama e da rotina de conservação.</p><p><strong>Como escolher edredom para pousada?</strong><br />Considere temperatura da região, dimensões das camas, facilidade de conservação e apresentação desejada. A medida precisa ser compatível com o colchão e com o caimento planejado.</p><p><strong>Como conservar o edredom na hotelaria?</strong><br />Siga as instruções da etiqueta e ajuste lavagem e secagem à capacidade dos equipamentos. A etiqueta do produto prevalece sobre recomendações gerais.</p><p><strong>O edredom colorido pode ser usado em hotelaria?</strong><br />Sim. Cores padronizadas podem diferenciar categorias de quarto e compor a decoração, desde que a operação mantenha controle de estoque e reposição por modelo.</p><p><strong>Onde comprar edredom profissional para hotelaria?</strong><br />A Conamore oferece edredons e outros itens de cama para hotéis, pousadas, motéis e imóveis de temporada.</p>",Edredom Queen Cinza 150 Fios | Conamore,"edredom queen, edredom cinza, edredom hotelaria, percal 150 fios, edredom 100% algodão, edredom para pousada, enxoval profissional, edredom Conamore","Edredom queen cinza 2,50 x 2,60 m para hotelaria, com duas faces em percal 150 fios 100% algodão e manta de 180 g/m²."
2140011-ARGILA,"Edredom Queen Hotelaria Argila 2,50x2,60","<p><strong>Edredom Queen Argila Dupla Face 150 Fios - Conamore</strong></p><p>O edredom queen na cor argila combina conforto térmico e apresentação padronizada para quartos de hotéis, pousadas, motéis e imóveis de temporada. A tonalidade permite composições neutras e facilita a coordenação com outros itens do enxoval.</p><p>As duas faces são confeccionadas em percal 150 fios 100% algodão. A matelagem mantém distribuída a manta interna de 180 g/m² em 100% poliéster, contribuindo para acabamento uniforme e uso recorrente na hospedagem.</p><p><strong>Características:</strong></p><ul><li>Medidas: 2,50 x 2,60 m</li><li>Tamanho de cama: Queen</li><li>Cor: Argila</li><li>Duas faces em percal 150 fios</li><li>Tecido externo: 100% algodão</li><li>Enchimento: manta 100% poliéster de 180 g/m²</li><li>Acabamento matelado</li></ul><h3>Perguntas frequentes</h3><p><strong>Qual é a composição deste edredom?</strong><br />As duas faces são de percal 150 fios 100% algodão, com enchimento em manta 100% poliéster de 180 g/m².</p><p><strong>Este edredom é dupla face?</strong><br />Sim. O tecido em percal 150 fios 100% algodão está presente nos dois lados da peça.</p><p><strong>Qual é o tamanho do edredom queen?</strong><br />O edredom mede 2,50 x 2,60 m e foi dimensionado para cama queen.</p><p><strong>Qual a diferença entre cobertor e edredom?</strong><br />O edredom utiliza enchimento interno e acabamento matelado; o cobertor tem estrutura própria destinada ao aquecimento direto. A escolha depende do clima, da apresentação da cama e da rotina de conservação.</p><p><strong>Como escolher edredom para pousada?</strong><br />Considere temperatura da região, dimensões das camas, facilidade de conservação e apresentação desejada. A medida precisa ser compatível com o colchão e com o caimento planejado.</p><p><strong>Como conservar o edredom na hotelaria?</strong><br />Siga as instruções da etiqueta e ajuste lavagem e secagem à capacidade dos equipamentos. A etiqueta do produto prevalece sobre recomendações gerais.</p><p><strong>O edredom colorido pode ser usado em hotelaria?</strong><br />Sim. Cores padronizadas podem diferenciar categorias de quarto e compor a decoração, desde que a operação mantenha controle de estoque e reposição por modelo.</p><p><strong>Onde comprar edredom profissional para hotelaria?</strong><br />A Conamore oferece edredons e outros itens de cama para hotéis, pousadas, motéis e imóveis de temporada.</p>",Edredom Queen Argila 150 Fios | Conamore,"edredom queen, edredom argila, edredom hotelaria, percal 150 fios, edredom 100% algodão, edredom para pousada, enxoval profissional, edredom Conamore","Edredom queen argila 2,50 x 2,60 m para hotelaria, com duas faces em percal 150 fios 100% algodão e manta de 180 g/m²."
2140012-CINZA,"Edredom King Hotelaria Cinza 2,50x2,80","<p><strong>Edredom King Cinza Dupla Face 150 Fios - Conamore</strong></p><p>O edredom king na cor cinza combina conforto térmico e apresentação padronizada para quartos de hotéis, pousadas, motéis e imóveis de temporada. A tonalidade permite composições neutras e facilita a coordenação com outros itens do enxoval.</p><p>As duas faces são confeccionadas em percal 150 fios 100% algodão. A matelagem mantém distribuída a manta interna de 180 g/m² em 100% poliéster, contribuindo para acabamento uniforme e uso recorrente na hospedagem.</p><p><strong>Características:</strong></p><ul><li>Medidas: 2,50 x 2,80 m</li><li>Tamanho de cama: King</li><li>Cor: Cinza</li><li>Duas faces em percal 150 fios</li><li>Tecido externo: 100% algodão</li><li>Enchimento: manta 100% poliéster de 180 g/m²</li><li>Acabamento matelado</li></ul><h3>Perguntas frequentes</h3><p><strong>Qual é a composição deste edredom?</strong><br />As duas faces são de percal 150 fios 100% algodão, com enchimento em manta 100% poliéster de 180 g/m².</p><p><strong>Este edredom é dupla face?</strong><br />Sim. O tecido em percal 150 fios 100% algodão está presente nos dois lados da peça.</p><p><strong>Qual é o tamanho do edredom king?</strong><br />O edredom mede 2,50 x 2,80 m e foi dimensionado para cama king.</p><p><strong>Qual a diferença entre cobertor e edredom?</strong><br />O edredom utiliza enchimento interno e acabamento matelado; o cobertor tem estrutura própria destinada ao aquecimento direto. A escolha depende do clima, da apresentação da cama e da rotina de conservação.</p><p><strong>Como escolher edredom para pousada?</strong><br />Considere temperatura da região, dimensões das camas, facilidade de conservação e apresentação desejada. A medida precisa ser compatível com o colchão e com o caimento planejado.</p><p><strong>Como conservar o edredom na hotelaria?</strong><br />Siga as instruções da etiqueta e ajuste lavagem e secagem à capacidade dos equipamentos. A etiqueta do produto prevalece sobre recomendações gerais.</p><p><strong>O edredom colorido pode ser usado em hotelaria?</strong><br />Sim. Cores padronizadas podem diferenciar categorias de quarto e compor a decoração, desde que a operação mantenha controle de estoque e reposição por modelo.</p><p><strong>Onde comprar edredom profissional para hotelaria?</strong><br />A Conamore oferece edredons e outros itens de cama para hotéis, pousadas, motéis e imóveis de temporada.</p>",Edredom King Cinza 150 Fios | Conamore,"edredom king, edredom cinza, edredom hotelaria, percal 150 fios, edredom 100% algodão, edredom para pousada, enxoval profissional, edredom Conamore","Edredom king cinza 2,50 x 2,80 m para hotelaria, com duas faces em percal 150 fios 100% algodão e manta de 180 g/m²."
2140012-ARGILA,"Edredom King Hotelaria Argila 2,50x2,80","<p><strong>Edredom King Argila Dupla Face 150 Fios - Conamore</strong></p><p>O edredom king na cor argila combina conforto térmico e apresentação padronizada para quartos de hotéis, pousadas, motéis e imóveis de temporada. A tonalidade permite composições neutras e facilita a coordenação com outros itens do enxoval.</p><p>As duas faces são confeccionadas em percal 150 fios 100% algodão. A matelagem mantém distribuída a manta interna de 180 g/m² em 100% poliéster, contribuindo para acabamento uniforme e uso recorrente na hospedagem.</p><p><strong>Características:</strong></p><ul><li>Medidas: 2,50 x 2,80 m</li><li>Tamanho de cama: King</li><li>Cor: Argila</li><li>Duas faces em percal 150 fios</li><li>Tecido externo: 100% algodão</li><li>Enchimento: manta 100% poliéster de 180 g/m²</li><li>Acabamento matelado</li></ul><h3>Perguntas frequentes</h3><p><strong>Qual é a composição deste edredom?</strong><br />As duas faces são de percal 150 fios 100% algodão, com enchimento em manta 100% poliéster de 180 g/m².</p><p><strong>Este edredom é dupla face?</strong><br />Sim. O tecido em percal 150 fios 100% algodão está presente nos dois lados da peça.</p><p><strong>Qual é o tamanho do edredom king?</strong><br />O edredom mede 2,50 x 2,80 m e foi dimensionado para cama king.</p><p><strong>Qual a diferença entre cobertor e edredom?</strong><br />O edredom utiliza enchimento interno e acabamento matelado; o cobertor tem estrutura própria destinada ao aquecimento direto. A escolha depende do clima, da apresentação da cama e da rotina de conservação.</p><p><strong>Como escolher edredom para pousada?</strong><br />Considere temperatura da região, dimensões das camas, facilidade de conservação e apresentação desejada. A medida precisa ser compatível com o colchão e com o caimento planejado.</p><p><strong>Como conservar o edredom na hotelaria?</strong><br />Siga as instruções da etiqueta e ajuste lavagem e secagem à capacidade dos equipamentos. A etiqueta do produto prevalece sobre recomendações gerais.</p><p><strong>O edredom colorido pode ser usado em hotelaria?</strong><br />Sim. Cores padronizadas podem diferenciar categorias de quarto e compor a decoração, desde que a operação mantenha controle de estoque e reposição por modelo.</p><p><strong>Onde comprar edredom profissional para hotelaria?</strong><br />A Conamore oferece edredons e outros itens de cama para hotéis, pousadas, motéis e imóveis de temporada.</p>",Edredom King Argila 150 Fios | Conamore,"edredom king, edredom argila, edredom hotelaria, percal 150 fios, edredom 100% algodão, edredom para pousada, enxoval profissional, edredom Conamore","Edredom king argila 2,50 x 2,80 m para hotelaria, com duas faces em percal 150 fios 100% algodão e manta de 180 g/m²."
4230039,Toalha de Piso Pezinhos Cinza Hotelaria - 50x70CM - Gramatura 485g/m2 - Peso: 170g ,"<p><strong>Toalha de Piso Pezinhos Cinza 50 x 70 cm - Conamore</strong></p><p>A toalha de piso Pezinhos na cor cinza foi desenvolvida para compor enxovais de hotéis, pousadas, motéis, clínicas e imóveis de temporada. A construção combina absorção, toque confortável e padronização para operações de hospedagem.</p><p>Com gramatura de 485 g/m², peso de 170 g e composição de 90% algodão e 10% poliéster, a peça reúne características relevantes para uso recorrente. Para a conservação, o processo de lavanderia deve sempre respeitar a etiqueta do produto.</p><p><strong>Características:</strong></p><ul><li>Medidas: 50 x 70 cm</li><li>Gramatura: 485 g/m²</li><li>Peso: 170 g</li><li>Composição: 90% algodão e 10% poliéster</li><li>Cor: Cinza</li><li>Desenho de pezinhos em relevo</li><li>Costura dupla nas laterais</li><li>Indicada para lavagem industrial</li></ul><h3>Perguntas frequentes</h3><p><strong>Qual é a gramatura da toalha Pezinhos?</strong><br />Esta toalha tem gramatura de 485 g/m², característica que contribui para volume, absorção e percepção de conforto. A gramatura deve ser avaliada junto com composição, peso e rotina de lavanderia.</p><p><strong>Qual é a composição desta toalha?</strong><br />A composição informada é 90% algodão e 10% poliéster. Essa informação deve orientar a escolha e o processo de conservação do enxoval.</p><p><strong>Qual é o tamanho da toalha de piso?</strong><br />A peça mede 50 x 70 cm e pesa 170 g, conforme o cadastro do produto.</p><p><strong>Para que serve a toalha de piso na hospedagem?</strong><br />É indicada para uso na saída do banho, ajudando a compor um enxoval padronizado para hotéis, pousadas, motéis e imóveis de temporada.</p><p><strong>Toalha com maior gramatura é sempre melhor?</strong><br />Não. Maior gramatura tende a oferecer mais volume e absorção, mas também influencia peso, lavagem e secagem. A escolha deve considerar a experiência desejada e a operação da lavanderia.</p><p><strong>Como conservar toalhas de hotel?</strong><br />Siga sempre as instruções da etiqueta e ajuste dosagens, lavagem e secagem à composição da peça. A etiqueta do produto prevalece sobre recomendações gerais.</p><p><strong>Como saber quando substituir uma toalha de hotel?</strong><br />Perda relevante de absorção ou maciez, manchas permanentes, desfiados e bordas comprometidas indicam que a peça deve ser avaliada para retirada de circulação.</p><p><strong>Onde comprar toalhas profissionais para hotel?</strong><br />A Conamore é especializada em enxoval para hotelaria e oferece toalhas para hotéis, pousadas, motéis, clínicas e imóveis de temporada.</p>",Toalha Piso Pezinhos Cinza 50 x 70 cm | Conamore,"toalha de piso, toalha pezinhos, toalha cinza, toalha para hotel, toalha para pousada, enxoval de banho, toalha profissional, Conamore","Toalha de piso Pezinhos cinza 50 x 70 cm, 485 g/m² e 90% algodão e 10% poliéster. Para hotéis, pousadas e imóveis de temporada."
4230038,Toalha Hotel Rosto Cinza Select - 45x80 cm - Gramatura 440g/m2 - Peso: 158g,"<p><strong>Toalha de Rosto Select Cinza 45 x 80 cm - Conamore</strong></p><p>A toalha de rosto Select na cor cinza foi desenvolvida para compor enxovais de hotéis, pousadas, motéis, clínicas e imóveis de temporada. A construção combina absorção, toque confortável e padronização para operações de hospedagem.</p><p>Com gramatura de 440 g/m², peso de 158 g e composição de 90% algodão e 10% poliéster, a peça reúne características relevantes para uso recorrente. Para a conservação, o processo de lavanderia deve sempre respeitar a etiqueta do produto.</p><p><strong>Características:</strong></p><ul><li>Medidas: 45 x 80 cm</li><li>Gramatura: 440 g/m²</li><li>Peso: 158 g</li><li>Composição: 90% algodão e 10% poliéster</li><li>Cor: Cinza</li><li>Costura dupla nas laterais</li><li>Indicada para lavagem industrial</li></ul><h3>Perguntas frequentes</h3><p><strong>Qual é a gramatura da toalha Select?</strong><br />Esta toalha tem gramatura de 440 g/m², característica que contribui para volume, absorção e percepção de conforto. A gramatura deve ser avaliada junto com composição, peso e rotina de lavanderia.</p><p><strong>Qual é a composição desta toalha?</strong><br />A composição informada é 90% algodão e 10% poliéster. Essa informação deve orientar a escolha e o processo de conservação do enxoval.</p><p><strong>Qual é o tamanho da toalha de rosto?</strong><br />A peça mede 45 x 80 cm e pesa 158 g, conforme o cadastro do produto.</p><p><strong>Para que serve a toalha de rosto na hospedagem?</strong><br />É indicada para uso na rotina de higiene do hóspede, ajudando a compor um enxoval padronizado para hotéis, pousadas, motéis e imóveis de temporada.</p><p><strong>Toalha com maior gramatura é sempre melhor?</strong><br />Não. Maior gramatura tende a oferecer mais volume e absorção, mas também influencia peso, lavagem e secagem. A escolha deve considerar a experiência desejada e a operação da lavanderia.</p><p><strong>Como conservar toalhas de hotel?</strong><br />Siga sempre as instruções da etiqueta e ajuste dosagens, lavagem e secagem à composição da peça. A etiqueta do produto prevalece sobre recomendações gerais.</p><p><strong>Como saber quando substituir uma toalha de hotel?</strong><br />Perda relevante de absorção ou maciez, manchas permanentes, desfiados e bordas comprometidas indicam que a peça deve ser avaliada para retirada de circulação.</p><p><strong>Onde comprar toalhas profissionais para hotel?</strong><br />A Conamore é especializada em enxoval para hotelaria e oferece toalhas para hotéis, pousadas, motéis, clínicas e imóveis de temporada.</p>",Toalha Rosto Select Cinza 45 x 80 cm | Conamore,"toalha de rosto, toalha select, toalha cinza, toalha para hotel, toalha para pousada, enxoval de banho, toalha profissional, Conamore","Toalha de rosto Select cinza 45 x 80 cm, 440 g/m² e 90% algodão e 10% poliéster. Para hotéis, pousadas e imóveis de temporada."
4230037,Toalha Hotel Banho Cinza Select - 80x140 cm - Gramatura 440g/m2 - Peso: 490g,"<p><strong>Toalha de Banho Select Cinza 80 x 140 cm - Conamore</strong></p><p>A toalha de banho Select na cor cinza foi desenvolvida para compor enxovais de hotéis, pousadas, motéis, clínicas e imóveis de temporada. A construção combina absorção, toque confortável e padronização para operações de hospedagem.</p><p>Com gramatura de 440 g/m², peso de 490 g e composição de 90% algodão e 10% poliéster, a peça reúne características relevantes para uso recorrente. Para a conservação, o processo de lavanderia deve sempre respeitar a etiqueta do produto.</p><p><strong>Características:</strong></p><ul><li>Medidas: 80 x 140 cm</li><li>Gramatura: 440 g/m²</li><li>Peso: 490 g</li><li>Composição: 90% algodão e 10% poliéster</li><li>Cor: Cinza</li><li>Costura dupla nas laterais</li><li>Indicada para lavagem industrial</li></ul><h3>Perguntas frequentes</h3><p><strong>Qual é a gramatura da toalha Select?</strong><br />Esta toalha tem gramatura de 440 g/m², característica que contribui para volume, absorção e percepção de conforto. A gramatura deve ser avaliada junto com composição, peso e rotina de lavanderia.</p><p><strong>Qual é a composição desta toalha?</strong><br />A composição informada é 90% algodão e 10% poliéster. Essa informação deve orientar a escolha e o processo de conservação do enxoval.</p><p><strong>Qual é o tamanho da toalha de banho?</strong><br />A peça mede 80 x 140 cm e pesa 490 g, conforme o cadastro do produto.</p><p><strong>Para que serve a toalha de banho na hospedagem?</strong><br />É indicada para uso após o banho, ajudando a compor um enxoval padronizado para hotéis, pousadas, motéis e imóveis de temporada.</p><p><strong>Toalha com maior gramatura é sempre melhor?</strong><br />Não. Maior gramatura tende a oferecer mais volume e absorção, mas também influencia peso, lavagem e secagem. A escolha deve considerar a experiência desejada e a operação da lavanderia.</p><p><strong>Como conservar toalhas de hotel?</strong><br />Siga sempre as instruções da etiqueta e ajuste dosagens, lavagem e secagem à composição da peça. A etiqueta do produto prevalece sobre recomendações gerais.</p><p><strong>Como saber quando substituir uma toalha de hotel?</strong><br />Perda relevante de absorção ou maciez, manchas permanentes, desfiados e bordas comprometidas indicam que a peça deve ser avaliada para retirada de circulação.</p><p><strong>Onde comprar toalhas profissionais para hotel?</strong><br />A Conamore é especializada em enxoval para hotelaria e oferece toalhas para hotéis, pousadas, motéis, clínicas e imóveis de temporada.</p>",Toalha Banho Select Cinza 80 x 140 cm | Conamore,"toalha de banho, toalha select, toalha cinza, toalha para hotel, toalha para pousada, enxoval de banho, toalha profissional, Conamore","Toalha de banho Select cinza 80 x 140 cm, 440 g/m² e 90% algodão e 10% poliéster. Para hotéis, pousadas e imóveis de temporada."
29113054,Cobertor para Hotel Flannel King 240X260cm Azul,"<p><strong>Cobertor Flannel King Azul 2,40 x 2,70 m - Conamore</strong></p><p>O cobertor Flannel king azul oferece toque macio e aveludado para quartos de hotéis, pousadas, motéis e imóveis de temporada. A gramatura de 300 g/m² é indicada para períodos e regiões de clima frio.</p><p>Confeccionado em tecido microflanelado 100% poliéster, combina aquecimento, facilidade de lavagem e secagem rápida. A indicação de microfibra é adequada para cobertores; a Conamore não recomenda lençóis de microfibra.</p><p><strong>Características:</strong></p><ul><li>Medidas informadas na descrição: 2,40 x 2,70 m</li><li>Tamanho de cama: King</li><li>Cor: azul</li><li>Tecido microflanelado (Flannel)</li><li>Composição: 100% poliéster</li><li>Gramatura: 300 g/m²</li><li>Embalagem em PVC com zíper</li></ul><h3>Perguntas frequentes</h3><p><strong>Qual cobertor escolher para hotel?</strong><br />Considere clima, nível de aquecimento, facilidade de lavagem e secagem, espaço de armazenamento e tamanho das camas. A gramatura de 300 g/m² atende operações que buscam maior aquecimento.</p><p><strong>Cobertor de microfibra é indicado para hospedagem?</strong><br />Sim. Em cobertores, a microfibra oferece leveza operacional, secagem rápida e bom aquecimento. Essa recomendação não se aplica a lençóis de microfibra.</p><p><strong>Qual é a composição do Cobertor Flannel?</strong><br />O produto é confeccionado em tecido microflanelado 100% poliéster, com toque macio e aveludado.</p><p><strong>Qual é a gramatura deste cobertor?</strong><br />A gramatura informada é de 300 g/m², indicada para maior aquecimento em dias e noites frias.</p><p><strong>Qual é o tamanho do Cobertor Flannel King?</strong><br />A medida informada na descrição do produto é 2,40 x 2,70 m. Confira a compatibilidade com a cama e o caimento desejado.</p><p><strong>É necessário oferecer cobertor extra no quarto?</strong><br />Depende do clima e do padrão da hospedagem. Uma opção adicional atende hóspedes com preferências térmicas diferentes e pode melhorar a experiência.</p><p><strong>Como conservar o cobertor na hotelaria?</strong><br />Siga as instruções da etiqueta e ajuste lavagem e secagem ao tecido e à capacidade dos equipamentos. A etiqueta do produto prevalece.</p><p><strong>Onde comprar cobertor para hotelaria?</strong><br />A Conamore oferece cobertores e itens de cama para hotéis, pousadas, motéis e imóveis de temporada.</p>",Cobertor Flannel King 300 g/m² | Conamore,"cobertor king, cobertor flannel, cobertor hotelaria, cobertor 300 g/m², cobertor azul, cobertor para pousada, enxoval profissional, Conamore","Cobertor Flannel king azul 2,40 x 2,70 m, microflanelado 100% poliéster e 300 g/m². Para hotéis, pousadas e imóveis de temporada."
29113053,Cobertor para Hotel Flannel Queen 220X240cm Azul,"<p><strong>Cobertor Flannel Queen Azul 2,20 x 2,40 m - Conamore</strong></p><p>O cobertor Flannel queen azul oferece toque macio e aveludado para quartos de hotéis, pousadas, motéis e imóveis de temporada. A gramatura de 300 g/m² é indicada para períodos e regiões de clima frio.</p><p>Confeccionado em tecido microflanelado 100% poliéster, combina aquecimento, facilidade de lavagem e secagem rápida. A indicação de microfibra é adequada para cobertores; a Conamore não recomenda lençóis de microfibra.</p><p><strong>Características:</strong></p><ul><li>Medidas informadas na descrição: 2,20 x 2,40 m</li><li>Tamanho de cama: Queen</li><li>Cor: azul</li><li>Tecido microflanelado (Flannel)</li><li>Composição: 100% poliéster</li><li>Gramatura: 300 g/m²</li><li>Embalagem em PVC com zíper</li></ul><h3>Perguntas frequentes</h3><p><strong>Qual cobertor escolher para hotel?</strong><br />Considere clima, nível de aquecimento, facilidade de lavagem e secagem, espaço de armazenamento e tamanho das camas. A gramatura de 300 g/m² atende operações que buscam maior aquecimento.</p><p><strong>Cobertor de microfibra é indicado para hospedagem?</strong><br />Sim. Em cobertores, a microfibra oferece leveza operacional, secagem rápida e bom aquecimento. Essa recomendação não se aplica a lençóis de microfibra.</p><p><strong>Qual é a composição do Cobertor Flannel?</strong><br />O produto é confeccionado em tecido microflanelado 100% poliéster, com toque macio e aveludado.</p><p><strong>Qual é a gramatura deste cobertor?</strong><br />A gramatura informada é de 300 g/m², indicada para maior aquecimento em dias e noites frias.</p><p><strong>Qual é o tamanho do Cobertor Flannel Queen?</strong><br />A medida informada na descrição do produto é 2,20 x 2,40 m. Confira a compatibilidade com a cama e o caimento desejado.</p><p><strong>É necessário oferecer cobertor extra no quarto?</strong><br />Depende do clima e do padrão da hospedagem. Uma opção adicional atende hóspedes com preferências térmicas diferentes e pode melhorar a experiência.</p><p><strong>Como conservar o cobertor na hotelaria?</strong><br />Siga as instruções da etiqueta e ajuste lavagem e secagem ao tecido e à capacidade dos equipamentos. A etiqueta do produto prevalece.</p><p><strong>Onde comprar cobertor para hotelaria?</strong><br />A Conamore oferece cobertores e itens de cama para hotéis, pousadas, motéis e imóveis de temporada.</p>",Cobertor Flannel Queen 300 g/m² | Conamore,"cobertor queen, cobertor flannel, cobertor hotelaria, cobertor 300 g/m², cobertor azul, cobertor para pousada, enxoval profissional, Conamore","Cobertor Flannel queen azul 2,20 x 2,40 m, microflanelado 100% poliéster e 300 g/m². Para hotéis, pousadas e imóveis de temporada."
29113052,Cobertor para Hotel Flannel Casal 180X220cm Azul,"<p><strong>Cobertor Flannel Casal Azul 1,80 x 2,20 m - Conamore</strong></p><p>O cobertor Flannel casal azul oferece toque macio e aveludado para quartos de hotéis, pousadas, motéis e imóveis de temporada. A gramatura de 300 g/m² é indicada para períodos e regiões de clima frio.</p><p>Confeccionado em tecido microflanelado 100% poliéster, combina aquecimento, facilidade de lavagem e secagem rápida. A indicação de microfibra é adequada para cobertores; a Conamore não recomenda lençóis de microfibra.</p><p><strong>Características:</strong></p><ul><li>Medidas informadas na descrição: 1,80 x 2,20 m</li><li>Tamanho de cama: Casal</li><li>Cor: azul</li><li>Tecido microflanelado (Flannel)</li><li>Composição: 100% poliéster</li><li>Gramatura: 300 g/m²</li><li>Embalagem em PVC com zíper</li></ul><h3>Perguntas frequentes</h3><p><strong>Qual cobertor escolher para hotel?</strong><br />Considere clima, nível de aquecimento, facilidade de lavagem e secagem, espaço de armazenamento e tamanho das camas. A gramatura de 300 g/m² atende operações que buscam maior aquecimento.</p><p><strong>Cobertor de microfibra é indicado para hospedagem?</strong><br />Sim. Em cobertores, a microfibra oferece leveza operacional, secagem rápida e bom aquecimento. Essa recomendação não se aplica a lençóis de microfibra.</p><p><strong>Qual é a composição do Cobertor Flannel?</strong><br />O produto é confeccionado em tecido microflanelado 100% poliéster, com toque macio e aveludado.</p><p><strong>Qual é a gramatura deste cobertor?</strong><br />A gramatura informada é de 300 g/m², indicada para maior aquecimento em dias e noites frias.</p><p><strong>Qual é o tamanho do Cobertor Flannel Casal?</strong><br />A medida informada na descrição do produto é 1,80 x 2,20 m. Confira a compatibilidade com a cama e o caimento desejado.</p><p><strong>É necessário oferecer cobertor extra no quarto?</strong><br />Depende do clima e do padrão da hospedagem. Uma opção adicional atende hóspedes com preferências térmicas diferentes e pode melhorar a experiência.</p><p><strong>Como conservar o cobertor na hotelaria?</strong><br />Siga as instruções da etiqueta e ajuste lavagem e secagem ao tecido e à capacidade dos equipamentos. A etiqueta do produto prevalece.</p><p><strong>Onde comprar cobertor para hotelaria?</strong><br />A Conamore oferece cobertores e itens de cama para hotéis, pousadas, motéis e imóveis de temporada.</p>",Cobertor Flannel Casal 300 g/m² | Conamore,"cobertor casal, cobertor flannel, cobertor hotelaria, cobertor 300 g/m², cobertor azul, cobertor para pousada, enxoval profissional, Conamore","Cobertor Flannel casal azul 1,80 x 2,20 m, microflanelado 100% poliéster e 300 g/m². Para hotéis, pousadas e imóveis de temporada."
29113051,Cobertor para Hotel Flannel Solteiro 150X220cm Azul,"<p><strong>Cobertor Flannel Solteiro Azul 1,50 x 2,20 m - Conamore</strong></p><p>O cobertor Flannel solteiro azul oferece toque macio e aveludado para quartos de hotéis, pousadas, motéis e imóveis de temporada. A gramatura de 300 g/m² é indicada para períodos e regiões de clima frio.</p><p>Confeccionado em tecido microflanelado 100% poliéster, combina aquecimento, facilidade de lavagem e secagem rápida. A indicação de microfibra é adequada para cobertores; a Conamore não recomenda lençóis de microfibra.</p><p><strong>Características:</strong></p><ul><li>Medidas informadas na descrição: 1,50 x 2,20 m</li><li>Tamanho de cama: Solteiro</li><li>Cor: azul</li><li>Tecido microflanelado (Flannel)</li><li>Composição: 100% poliéster</li><li>Gramatura: 300 g/m²</li><li>Embalagem em PVC com zíper</li></ul><h3>Perguntas frequentes</h3><p><strong>Qual cobertor escolher para hotel?</strong><br />Considere clima, nível de aquecimento, facilidade de lavagem e secagem, espaço de armazenamento e tamanho das camas. A gramatura de 300 g/m² atende operações que buscam maior aquecimento.</p><p><strong>Cobertor de microfibra é indicado para hospedagem?</strong><br />Sim. Em cobertores, a microfibra oferece leveza operacional, secagem rápida e bom aquecimento. Essa recomendação não se aplica a lençóis de microfibra.</p><p><strong>Qual é a composição do Cobertor Flannel?</strong><br />O produto é confeccionado em tecido microflanelado 100% poliéster, com toque macio e aveludado.</p><p><strong>Qual é a gramatura deste cobertor?</strong><br />A gramatura informada é de 300 g/m², indicada para maior aquecimento em dias e noites frias.</p><p><strong>Qual é o tamanho do Cobertor Flannel Solteiro?</strong><br />A medida informada na descrição do produto é 1,50 x 2,20 m. Confira a compatibilidade com a cama e o caimento desejado.</p><p><strong>É necessário oferecer cobertor extra no quarto?</strong><br />Depende do clima e do padrão da hospedagem. Uma opção adicional atende hóspedes com preferências térmicas diferentes e pode melhorar a experiência.</p><p><strong>Como conservar o cobertor na hotelaria?</strong><br />Siga as instruções da etiqueta e ajuste lavagem e secagem ao tecido e à capacidade dos equipamentos. A etiqueta do produto prevalece.</p><p><strong>Onde comprar cobertor para hotelaria?</strong><br />A Conamore oferece cobertores e itens de cama para hotéis, pousadas, motéis e imóveis de temporada.</p>",Cobertor Flannel Solteiro 300 g/m² | Conamore,"cobertor solteiro, cobertor flannel, cobertor hotelaria, cobertor 300 g/m², cobertor azul, cobertor para pousada, enxoval profissional, Conamore","Cobertor Flannel solteiro azul 1,50 x 2,20 m, microflanelado 100% poliéster e 300 g/m². Para hotéis, pousadas e imóveis de temporada."
42213025,Kit 250 Sabonetes Capim Limão 10G - Amenities Para Hotel,"<p><strong>Kit 250 Sabonetes Capim-limão 10 g - Conamore</strong></p><p>O kit reúne 250 unidades de sabonetes capim-limão com 10 g cada, em barras individuais. É uma solução para hotéis, pousadas, motéis, clínicas, hospitais e imóveis de temporada que precisam padronizar a reposição de amenities.</p><p>A apresentação individual oferece conveniência ao hóspede e facilita o controle por hospedagem. Conforme o cadastro, a linha possui formulação biodegradável, livre de parabenos, não testada em animais e embalagem reciclável.</p><p><strong>Características:</strong></p><ul><li>Conteúdo: 250 unidades</li><li>Produto: Sabonetes</li><li>Volume/peso por unidade: 10 g</li><li>Fragrância: Capim-limão</li><li>Apresentação: barras individuais</li><li>Formulação biodegradável</li><li>Livre de parabenos</li><li>Não testado em animais</li><li>Embalagem reciclável</li></ul><h3>Perguntas frequentes</h3><p><strong>O que são amenities de hotel?</strong><br />São produtos de conveniência oferecidos ao hóspede, como sabonete, shampoo e condicionador, que complementam a experiência de hospedagem.</p><p><strong>Qual tamanho de sabonete usar em hotel?</strong><br />O tamanho de 10 g atende operações que buscam uma apresentação individual compacta. A escolha deve considerar duração média da estadia, consumo esperado e padrão do estabelecimento.</p><p><strong>Quantas unidades vêm neste kit?</strong><br />O kit contém 250 unidades de sabonetes, cada uma com 10 g.</p><p><strong>Qual é a fragrância deste amenity?</strong><br />A fragrância informada é Capim-limão, aplicada à apresentação em barras individuais.</p><p><strong>Como calcular a quantidade de amenities necessária?</strong><br />Considere número de apartamentos, ocupação, unidades disponibilizadas por hospedagem, consumo médio e intervalo de reposição.</p><p><strong>Amenities melhoram a experiência do hóspede?</strong><br />Quando adequados ao posicionamento da hospedagem, transmitem cuidado e oferecem conveniência durante a estadia.</p><p><strong>Vale a pena oferecer amenities em imóveis de temporada?</strong><br />Pode ser um diferencial de hospitalidade, especialmente em estadias curtas ou para hóspedes que chegam sem itens básicos.</p><p><strong>Onde comprar amenities para hotel e pousada?</strong><br />A Conamore oferece amenities e outros componentes de enxoval para hotéis, pousadas, motéis e imóveis de temporada.</p>",Sabonetes Capim-limão 10 g Kit 250 | Conamore,"sabonetes, amenities hotel, capim-limão, kit 250, amenity 10 g, amenities para pousada, higiene para hospedagem, Conamore","Kit com 250 unidades de sabonetes capim-limão, 10 g cada. Amenities individuais para hotéis, pousadas e imóveis de temporada."
42213026,Kit 250 Sabonetes Herbal 15G - Amenities Para Hotel,"<p><strong>Kit 250 Sabonetes Herbal 15 g - Conamore</strong></p><p>O kit reúne 250 unidades de sabonetes herbal com 15 g cada, em barras individuais. É uma solução para hotéis, pousadas, motéis, clínicas, hospitais e imóveis de temporada que precisam padronizar a reposição de amenities.</p><p>A apresentação individual oferece conveniência ao hóspede e facilita o controle por hospedagem. Conforme o cadastro, a linha possui formulação biodegradável, livre de parabenos, não testada em animais e embalagem reciclável.</p><p><strong>Características:</strong></p><ul><li>Conteúdo: 250 unidades</li><li>Produto: Sabonetes</li><li>Volume/peso por unidade: 15 g</li><li>Fragrância: Herbal</li><li>Apresentação: barras individuais</li><li>Formulação biodegradável</li><li>Livre de parabenos</li><li>Não testado em animais</li><li>Embalagem reciclável</li></ul><h3>Perguntas frequentes</h3><p><strong>O que são amenities de hotel?</strong><br />São produtos de conveniência oferecidos ao hóspede, como sabonete, shampoo e condicionador, que complementam a experiência de hospedagem.</p><p><strong>Qual tamanho de sabonete usar em hotel?</strong><br />O tamanho de 15 g atende operações que buscam uma apresentação individual compacta. A escolha deve considerar duração média da estadia, consumo esperado e padrão do estabelecimento.</p><p><strong>Quantas unidades vêm neste kit?</strong><br />O kit contém 250 unidades de sabonetes, cada uma com 15 g.</p><p><strong>Qual é a fragrância deste amenity?</strong><br />A fragrância informada é Herbal, aplicada à apresentação em barras individuais.</p><p><strong>Como calcular a quantidade de amenities necessária?</strong><br />Considere número de apartamentos, ocupação, unidades disponibilizadas por hospedagem, consumo médio e intervalo de reposição.</p><p><strong>Amenities melhoram a experiência do hóspede?</strong><br />Quando adequados ao posicionamento da hospedagem, transmitem cuidado e oferecem conveniência durante a estadia.</p><p><strong>Vale a pena oferecer amenities em imóveis de temporada?</strong><br />Pode ser um diferencial de hospitalidade, especialmente em estadias curtas ou para hóspedes que chegam sem itens básicos.</p><p><strong>Onde comprar amenities para hotel e pousada?</strong><br />A Conamore oferece amenities e outros componentes de enxoval para hotéis, pousadas, motéis e imóveis de temporada.</p>",Sabonetes Herbal 15 g Kit 250 | Conamore,"sabonetes, amenities hotel, herbal, kit 250, amenity 15 g, amenities para pousada, higiene para hospedagem, Conamore","Kit com 250 unidades de sabonetes herbal, 15 g cada. Amenities individuais para hotéis, pousadas e imóveis de temporada."
42213027,Kit 125 Sabonetes Herbal 30G - Amenities Para Hotel,"<p><strong>Kit 125 Sabonetes Herbal 30 g - Conamore</strong></p><p>O kit reúne 125 unidades de sabonetes herbal com 30 g cada, em barras individuais. É uma solução para hotéis, pousadas, motéis, clínicas, hospitais e imóveis de temporada que precisam padronizar a reposição de amenities.</p><p>A apresentação individual oferece conveniência ao hóspede e facilita o controle por hospedagem. Conforme o cadastro, a linha possui formulação biodegradável, livre de parabenos, não testada em animais e embalagem reciclável.</p><p><strong>Características:</strong></p><ul><li>Conteúdo: 125 unidades</li><li>Produto: Sabonetes</li><li>Volume/peso por unidade: 30 g</li><li>Fragrância: Herbal</li><li>Apresentação: barras individuais</li><li>Formulação biodegradável</li><li>Livre de parabenos</li><li>Não testado em animais</li><li>Embalagem reciclável</li></ul><h3>Perguntas frequentes</h3><p><strong>O que são amenities de hotel?</strong><br />São produtos de conveniência oferecidos ao hóspede, como sabonete, shampoo e condicionador, que complementam a experiência de hospedagem.</p><p><strong>Qual tamanho de sabonete usar em hotel?</strong><br />O tamanho de 30 g atende operações que buscam uma apresentação individual compacta. A escolha deve considerar duração média da estadia, consumo esperado e padrão do estabelecimento.</p><p><strong>Quantas unidades vêm neste kit?</strong><br />O kit contém 125 unidades de sabonetes, cada uma com 30 g.</p><p><strong>Qual é a fragrância deste amenity?</strong><br />A fragrância informada é Herbal, aplicada à apresentação em barras individuais.</p><p><strong>Como calcular a quantidade de amenities necessária?</strong><br />Considere número de apartamentos, ocupação, unidades disponibilizadas por hospedagem, consumo médio e intervalo de reposição.</p><p><strong>Amenities melhoram a experiência do hóspede?</strong><br />Quando adequados ao posicionamento da hospedagem, transmitem cuidado e oferecem conveniência durante a estadia.</p><p><strong>Vale a pena oferecer amenities em imóveis de temporada?</strong><br />Pode ser um diferencial de hospitalidade, especialmente em estadias curtas ou para hóspedes que chegam sem itens básicos.</p><p><strong>Onde comprar amenities para hotel e pousada?</strong><br />A Conamore oferece amenities e outros componentes de enxoval para hotéis, pousadas, motéis e imóveis de temporada.</p>",Sabonetes Herbal 30 g Kit 125 | Conamore,"sabonetes, amenities hotel, herbal, kit 125, amenity 30 g, amenities para pousada, higiene para hospedagem, Conamore","Kit com 125 unidades de sabonetes herbal, 30 g cada. Amenities individuais para hotéis, pousadas e imóveis de temporada."
42213029,Kit 125 Sache Shampoo E Condicionador Capim Limao 30Ml - Amenities Para Hotel,"<p><strong>Kit 125 Shampoo e Condicionador 2 em 1 Capim-limão 30 ml - Conamore</strong></p><p>O kit reúne 125 unidades de shampoo e condicionador 2 em 1 capim-limão com 30 ml cada, em sachês individuais. É uma solução para hotéis, pousadas, motéis, clínicas, hospitais e imóveis de temporada que precisam padronizar a reposição de amenities.</p><p>A apresentação individual oferece conveniência ao hóspede e facilita o controle por hospedagem. Conforme o cadastro, a linha possui formulação biodegradável, livre de parabenos, não testada em animais e embalagem reciclável.</p><p><strong>Características:</strong></p><ul><li>Conteúdo: 125 unidades</li><li>Produto: Shampoo e Condicionador 2 em 1</li><li>Volume/peso por unidade: 30 ml</li><li>Fragrância: Capim-limão</li><li>Apresentação: sachês individuais</li><li>Formulação biodegradável</li><li>Livre de parabenos</li><li>Não testado em animais</li><li>Embalagem reciclável</li></ul><h3>Perguntas frequentes</h3><p><strong>O que são amenities de hotel?</strong><br />São produtos de conveniência oferecidos ao hóspede, como sabonete, shampoo e condicionador, que complementam a experiência de hospedagem.</p><p><strong>O que é shampoo e condicionador 2 em 1 para hotelaria?</strong><br />É um produto que reúne as duas funções em uma apresentação individual de 30 ml, simplificando a composição e a reposição dos amenities.</p><p><strong>Quantas unidades vêm neste kit?</strong><br />O kit contém 125 unidades de shampoo e condicionador 2 em 1, cada uma com 30 ml.</p><p><strong>Qual é a fragrância deste amenity?</strong><br />A fragrância informada é Capim-limão, aplicada à apresentação em sachês individuais.</p><p><strong>Como calcular a quantidade de amenities necessária?</strong><br />Considere número de apartamentos, ocupação, unidades disponibilizadas por hospedagem, consumo médio e intervalo de reposição.</p><p><strong>Amenities melhoram a experiência do hóspede?</strong><br />Quando adequados ao posicionamento da hospedagem, transmitem cuidado e oferecem conveniência durante a estadia.</p><p><strong>Vale a pena oferecer amenities em imóveis de temporada?</strong><br />Pode ser um diferencial de hospitalidade, especialmente em estadias curtas ou para hóspedes que chegam sem itens básicos.</p><p><strong>Onde comprar amenities para hotel e pousada?</strong><br />A Conamore oferece amenities e outros componentes de enxoval para hotéis, pousadas, motéis e imóveis de temporada.</p>",2 em 1 Capim-limão 30 ml Kit 125 | Conamore,"shampoo e condicionador 2 em 1, amenities hotel, capim-limão, kit 125, amenity 30 ml, amenities para pousada, higiene para hospedagem, Conamore","Kit com 125 unidades de shampoo e condicionador 2 em 1 capim-limão, 30 ml cada. Amenities individuais para hotéis, pousadas e imóveis de temporada."
42213028,Kit 125 Frascos 2x1 Shampoo E Condicionador Capim Limao 35Ml - Amenities Para Hotel,"<p><strong>Kit 125 Shampoo e Condicionador 2 em 1 Capim-limão 35 ml - Conamore</strong></p><p>O kit reúne 125 unidades de shampoo e condicionador 2 em 1 capim-limão com 35 ml cada, em frascos individuais. É uma solução para hotéis, pousadas, motéis, clínicas, hospitais e imóveis de temporada que precisam padronizar a reposição de amenities.</p><p>A apresentação individual oferece conveniência ao hóspede e facilita o controle por hospedagem. Conforme o cadastro, a linha possui formulação biodegradável, livre de parabenos, não testada em animais e embalagem reciclável.</p><p><strong>Características:</strong></p><ul><li>Conteúdo: 125 unidades</li><li>Produto: Shampoo e Condicionador 2 em 1</li><li>Volume/peso por unidade: 35 ml</li><li>Fragrância: Capim-limão</li><li>Apresentação: frascos individuais</li><li>Formulação biodegradável</li><li>Livre de parabenos</li><li>Não testado em animais</li><li>Embalagem reciclável</li></ul><h3>Perguntas frequentes</h3><p><strong>O que são amenities de hotel?</strong><br />São produtos de conveniência oferecidos ao hóspede, como sabonete, shampoo e condicionador, que complementam a experiência de hospedagem.</p><p><strong>O que é shampoo e condicionador 2 em 1 para hotelaria?</strong><br />É um produto que reúne as duas funções em uma apresentação individual de 35 ml, simplificando a composição e a reposição dos amenities.</p><p><strong>Quantas unidades vêm neste kit?</strong><br />O kit contém 125 unidades de shampoo e condicionador 2 em 1, cada uma com 35 ml.</p><p><strong>Qual é a fragrância deste amenity?</strong><br />A fragrância informada é Capim-limão, aplicada à apresentação em frascos individuais.</p><p><strong>Como calcular a quantidade de amenities necessária?</strong><br />Considere número de apartamentos, ocupação, unidades disponibilizadas por hospedagem, consumo médio e intervalo de reposição.</p><p><strong>Amenities melhoram a experiência do hóspede?</strong><br />Quando adequados ao posicionamento da hospedagem, transmitem cuidado e oferecem conveniência durante a estadia.</p><p><strong>Vale a pena oferecer amenities em imóveis de temporada?</strong><br />Pode ser um diferencial de hospitalidade, especialmente em estadias curtas ou para hóspedes que chegam sem itens básicos.</p><p><strong>Onde comprar amenities para hotel e pousada?</strong><br />A Conamore oferece amenities e outros componentes de enxoval para hotéis, pousadas, motéis e imóveis de temporada.</p>",2 em 1 Capim-limão 35 ml Kit 125 | Conamore,"shampoo e condicionador 2 em 1, amenities hotel, capim-limão, kit 125, amenity 35 ml, amenities para pousada, higiene para hospedagem, Conamore","Kit com 125 unidades de shampoo e condicionador 2 em 1 capim-limão, 35 ml cada. Amenities individuais para hotéis, pousadas e imóveis de temporada."
42213030,Kit 125 Shampoo Herbal 35Ml - Amenities Para Hotel,"<p><strong>Kit 125 Shampoo Herbal 35 ml - Conamore</strong></p><p>O kit reúne 125 unidades de shampoo herbal com 35 ml cada, em frascos individuais. É uma solução para hotéis, pousadas, motéis, clínicas, hospitais e imóveis de temporada que precisam padronizar a reposição de amenities.</p><p>A apresentação individual oferece conveniência ao hóspede e facilita o controle por hospedagem. Conforme o cadastro, a linha possui formulação biodegradável, livre de parabenos, não testada em animais e embalagem reciclável.</p><p><strong>Características:</strong></p><ul><li>Conteúdo: 125 unidades</li><li>Produto: Shampoo</li><li>Volume/peso por unidade: 35 ml</li><li>Fragrância: Herbal</li><li>Apresentação: frascos individuais</li><li>Formulação biodegradável</li><li>Livre de parabenos</li><li>Não testado em animais</li><li>Embalagem reciclável</li></ul><h3>Perguntas frequentes</h3><p><strong>O que são amenities de hotel?</strong><br />São produtos de conveniência oferecidos ao hóspede, como sabonete, shampoo e condicionador, que complementam a experiência de hospedagem.</p><p><strong>Qual tamanho de shampoo usar em pousada?</strong><br />O frasco de 35 ml é uma apresentação individual para hospedagem. A quantidade deve ser dimensionada conforme estadia, ocupação e política de reposição.</p><p><strong>Quantas unidades vêm neste kit?</strong><br />O kit contém 125 unidades de shampoo, cada uma com 35 ml.</p><p><strong>Qual é a fragrância deste amenity?</strong><br />A fragrância informada é Herbal, aplicada à apresentação em frascos individuais.</p><p><strong>Como calcular a quantidade de amenities necessária?</strong><br />Considere número de apartamentos, ocupação, unidades disponibilizadas por hospedagem, consumo médio e intervalo de reposição.</p><p><strong>Amenities melhoram a experiência do hóspede?</strong><br />Quando adequados ao posicionamento da hospedagem, transmitem cuidado e oferecem conveniência durante a estadia.</p><p><strong>Vale a pena oferecer amenities em imóveis de temporada?</strong><br />Pode ser um diferencial de hospitalidade, especialmente em estadias curtas ou para hóspedes que chegam sem itens básicos.</p><p><strong>Onde comprar amenities para hotel e pousada?</strong><br />A Conamore oferece amenities e outros componentes de enxoval para hotéis, pousadas, motéis e imóveis de temporada.</p>",Shampoo Herbal 35 ml Kit 125 | Conamore,"shampoo, amenities hotel, herbal, kit 125, amenity 35 ml, amenities para pousada, higiene para hospedagem, Conamore","Kit com 125 unidades de shampoo herbal, 35 ml cada. Amenities individuais para hotéis, pousadas e imóveis de temporada."
42213031,Kit 125 Frascos Condicionador Herbal 35Ml - Amenities Para Hotel,"<p><strong>Kit 125 Condicionador Herbal 35 ml - Conamore</strong></p><p>O kit reúne 125 unidades de condicionador herbal com 35 ml cada, em frascos individuais. É uma solução para hotéis, pousadas, motéis, clínicas, hospitais e imóveis de temporada que precisam padronizar a reposição de amenities.</p><p>A apresentação individual oferece conveniência ao hóspede e facilita o controle por hospedagem. Conforme o cadastro, a linha possui formulação biodegradável, livre de parabenos, não testada em animais e embalagem reciclável.</p><p><strong>Características:</strong></p><ul><li>Conteúdo: 125 unidades</li><li>Produto: Condicionador</li><li>Volume/peso por unidade: 35 ml</li><li>Fragrância: Herbal</li><li>Apresentação: frascos individuais</li><li>Formulação biodegradável</li><li>Livre de parabenos</li><li>Não testado em animais</li><li>Embalagem reciclável</li></ul><h3>Perguntas frequentes</h3><p><strong>O que são amenities de hotel?</strong><br />São produtos de conveniência oferecidos ao hóspede, como sabonete, shampoo e condicionador, que complementam a experiência de hospedagem.</p><p><strong>Por que oferecer condicionador em amenities?</strong><br />O condicionador individual complementa o shampoo e amplia a conveniência do hóspede. Este kit usa frascos de 35 ml.</p><p><strong>Quantas unidades vêm neste kit?</strong><br />O kit contém 125 unidades de condicionador, cada uma com 35 ml.</p><p><strong>Qual é a fragrância deste amenity?</strong><br />A fragrância informada é Herbal, aplicada à apresentação em frascos individuais.</p><p><strong>Como calcular a quantidade de amenities necessária?</strong><br />Considere número de apartamentos, ocupação, unidades disponibilizadas por hospedagem, consumo médio e intervalo de reposição.</p><p><strong>Amenities melhoram a experiência do hóspede?</strong><br />Quando adequados ao posicionamento da hospedagem, transmitem cuidado e oferecem conveniência durante a estadia.</p><p><strong>Vale a pena oferecer amenities em imóveis de temporada?</strong><br />Pode ser um diferencial de hospitalidade, especialmente em estadias curtas ou para hóspedes que chegam sem itens básicos.</p><p><strong>Onde comprar amenities para hotel e pousada?</strong><br />A Conamore oferece amenities e outros componentes de enxoval para hotéis, pousadas, motéis e imóveis de temporada.</p>",Condicionador Herbal 35 ml Kit 125 | Conamore,"condicionador, amenities hotel, herbal, kit 125, amenity 35 ml, amenities para pousada, higiene para hospedagem, Conamore","Kit com 125 unidades de condicionador herbal, 35 ml cada. Amenities individuais para hotéis, pousadas e imóveis de temporada."
4230040,Toalha de Banho Aura Branca - 70x140 cm - Gramatura 500g/m2 - Peso: 490g - 100% Algodão,"<p><strong>Toalha de Banho Aura Branca 70 x 140 cm - Conamore</strong></p><p>A toalha de banho Aura na cor branca foi desenvolvida para compor enxovais de hotéis, pousadas, motéis, clínicas e imóveis de temporada. A construção combina absorção, toque confortável e padronização para operações de hospedagem.</p><p>Com gramatura de 500 g/m², peso de 490 g e composição de 100% algodão, a peça reúne características relevantes para uso recorrente. Para a conservação, o processo de lavanderia deve sempre respeitar a etiqueta do produto.</p><p><strong>Características:</strong></p><ul><li>Medidas: 70 x 140 cm</li><li>Gramatura: 500 g/m²</li><li>Peso: 490 g</li><li>Composição: 100% algodão</li><li>Cor: Branca</li><li>Fio cardado 24/2</li></ul><h3>Perguntas frequentes</h3><p><strong>Qual é a gramatura da toalha Aura?</strong><br />Esta toalha tem gramatura de 500 g/m², característica que contribui para volume, absorção e percepção de conforto. A gramatura deve ser avaliada junto com composição, peso e rotina de lavanderia.</p><p><strong>Qual é a composição desta toalha?</strong><br />A composição informada é 100% algodão. Essa informação deve orientar a escolha e o processo de conservação do enxoval.</p><p><strong>Qual é o tamanho da toalha de banho?</strong><br />A peça mede 70 x 140 cm e pesa 490 g, conforme o cadastro do produto.</p><p><strong>Para que serve a toalha de banho na hospedagem?</strong><br />É indicada para uso após o banho, ajudando a compor um enxoval padronizado para hotéis, pousadas, motéis e imóveis de temporada.</p><p><strong>Toalha com maior gramatura é sempre melhor?</strong><br />Não. Maior gramatura tende a oferecer mais volume e absorção, mas também influencia peso, lavagem e secagem. A escolha deve considerar a experiência desejada e a operação da lavanderia.</p><p><strong>Como conservar toalhas de hotel?</strong><br />Siga sempre as instruções da etiqueta e ajuste dosagens, lavagem e secagem à composição da peça. A etiqueta do produto prevalece sobre recomendações gerais.</p><p><strong>Como saber quando substituir uma toalha de hotel?</strong><br />Perda relevante de absorção ou maciez, manchas permanentes, desfiados e bordas comprometidas indicam que a peça deve ser avaliada para retirada de circulação.</p><p><strong>Onde comprar toalhas profissionais para hotel?</strong><br />A Conamore é especializada em enxoval para hotelaria e oferece toalhas para hotéis, pousadas, motéis, clínicas e imóveis de temporada.</p>",Toalha Banho Aura Branca 70 x 140 cm | Conamore,"toalha de banho, toalha aura, toalha branca, toalha para hotel, toalha para pousada, enxoval de banho, toalha profissional, Conamore","Toalha de banho Aura branca 70 x 140 cm, 500 g/m² e 100% algodão. Para hotéis, pousadas e imóveis de temporada."
4230041,Toalha de Rosto Aura Branca - 50x80 cm - Gramatura 500g/m2 - Peso: 200g - 100% Algodão,"<p><strong>Toalha de Rosto Aura Branca 50 x 80 cm - Conamore</strong></p><p>A toalha de rosto Aura na cor branca foi desenvolvida para compor enxovais de hotéis, pousadas, motéis, clínicas e imóveis de temporada. A construção combina absorção, toque confortável e padronização para operações de hospedagem.</p><p>Com gramatura de 500 g/m², peso de 200 g e composição de 100% algodão, a peça reúne características relevantes para uso recorrente. Para a conservação, o processo de lavanderia deve sempre respeitar a etiqueta do produto.</p><p><strong>Características:</strong></p><ul><li>Medidas: 50 x 80 cm</li><li>Gramatura: 500 g/m²</li><li>Peso: 200 g</li><li>Composição: 100% algodão</li><li>Cor: Branca</li><li>Fio cardado 24/2</li></ul><h3>Perguntas frequentes</h3><p><strong>Qual é a gramatura da toalha Aura?</strong><br />Esta toalha tem gramatura de 500 g/m², característica que contribui para volume, absorção e percepção de conforto. A gramatura deve ser avaliada junto com composição, peso e rotina de lavanderia.</p><p><strong>Qual é a composição desta toalha?</strong><br />A composição informada é 100% algodão. Essa informação deve orientar a escolha e o processo de conservação do enxoval.</p><p><strong>Qual é o tamanho da toalha de rosto?</strong><br />A peça mede 50 x 80 cm e pesa 200 g, conforme o cadastro do produto.</p><p><strong>Para que serve a toalha de rosto na hospedagem?</strong><br />É indicada para uso na rotina de higiene do hóspede, ajudando a compor um enxoval padronizado para hotéis, pousadas, motéis e imóveis de temporada.</p><p><strong>Toalha com maior gramatura é sempre melhor?</strong><br />Não. Maior gramatura tende a oferecer mais volume e absorção, mas também influencia peso, lavagem e secagem. A escolha deve considerar a experiência desejada e a operação da lavanderia.</p><p><strong>Como conservar toalhas de hotel?</strong><br />Siga sempre as instruções da etiqueta e ajuste dosagens, lavagem e secagem à composição da peça. A etiqueta do produto prevalece sobre recomendações gerais.</p><p><strong>Como saber quando substituir uma toalha de hotel?</strong><br />Perda relevante de absorção ou maciez, manchas permanentes, desfiados e bordas comprometidas indicam que a peça deve ser avaliada para retirada de circulação.</p><p><strong>Onde comprar toalhas profissionais para hotel?</strong><br />A Conamore é especializada em enxoval para hotelaria e oferece toalhas para hotéis, pousadas, motéis, clínicas e imóveis de temporada.</p>",Toalha Rosto Aura Branca 50 x 80 cm | Conamore,"toalha de rosto, toalha aura, toalha branca, toalha para hotel, toalha para pousada, enxoval de banho, toalha profissional, Conamore","Toalha de rosto Aura branca 50 x 80 cm, 500 g/m² e 100% algodão. Para hotéis, pousadas e imóveis de temporada."
4230042,Toalha de Piso Aura Branca - 50x80 cm - Gramatura 500g/m2 - Peso: 200g - 100% Algodão,"<p><strong>Toalha de Piso Aura Branca 50 x 80 cm - Conamore</strong></p><p>A toalha de piso Aura na cor branca foi desenvolvida para compor enxovais de hotéis, pousadas, motéis, clínicas e imóveis de temporada. A construção combina absorção, toque confortável e padronização para operações de hospedagem.</p><p>Com gramatura de 500 g/m², peso de 200 g e composição de 100% algodão, a peça reúne características relevantes para uso recorrente. Para a conservação, o processo de lavanderia deve sempre respeitar a etiqueta do produto.</p><p><strong>Características:</strong></p><ul><li>Medidas: 50 x 80 cm</li><li>Gramatura: 500 g/m²</li><li>Peso: 200 g</li><li>Composição: 100% algodão</li><li>Cor: Branca</li><li>Fio cardado 24/2</li></ul><h3>Perguntas frequentes</h3><p><strong>Qual é a gramatura da toalha Aura?</strong><br />Esta toalha tem gramatura de 500 g/m², característica que contribui para volume, absorção e percepção de conforto. A gramatura deve ser avaliada junto com composição, peso e rotina de lavanderia.</p><p><strong>Qual é a composição desta toalha?</strong><br />A composição informada é 100% algodão. Essa informação deve orientar a escolha e o processo de conservação do enxoval.</p><p><strong>Qual é o tamanho da toalha de piso?</strong><br />A peça mede 50 x 80 cm e pesa 200 g, conforme o cadastro do produto.</p><p><strong>Para que serve a toalha de piso na hospedagem?</strong><br />É indicada para uso na saída do banho, ajudando a compor um enxoval padronizado para hotéis, pousadas, motéis e imóveis de temporada.</p><p><strong>Toalha com maior gramatura é sempre melhor?</strong><br />Não. Maior gramatura tende a oferecer mais volume e absorção, mas também influencia peso, lavagem e secagem. A escolha deve considerar a experiência desejada e a operação da lavanderia.</p><p><strong>Como conservar toalhas de hotel?</strong><br />Siga sempre as instruções da etiqueta e ajuste dosagens, lavagem e secagem à composição da peça. A etiqueta do produto prevalece sobre recomendações gerais.</p><p><strong>Como saber quando substituir uma toalha de hotel?</strong><br />Perda relevante de absorção ou maciez, manchas permanentes, desfiados e bordas comprometidas indicam que a peça deve ser avaliada para retirada de circulação.</p><p><strong>Onde comprar toalhas profissionais para hotel?</strong><br />A Conamore é especializada em enxoval para hotelaria e oferece toalhas para hotéis, pousadas, motéis, clínicas e imóveis de temporada.</p>",Toalha Piso Aura Branca 50 x 80 cm | Conamore,"toalha de piso, toalha aura, toalha branca, toalha para hotel, toalha para pousada, enxoval de banho, toalha profissional, Conamore","Toalha de piso Aura branca 50 x 80 cm, 500 g/m² e 100% algodão. Para hotéis, pousadas e imóveis de temporada."
4230043,Toalha de Banho Aura Bege - 70x140 cm - Gramatura 500g/m2 - Peso: 490g - 100% Algodão,"<p><strong>Toalha de Banho Aura Bege 70 x 140 cm - Conamore</strong></p><p>A toalha de banho Aura na cor bege foi desenvolvida para compor enxovais de hotéis, pousadas, motéis, clínicas e imóveis de temporada. A construção combina absorção, toque confortável e padronização para operações de hospedagem.</p><p>Com gramatura de 500 g/m², peso de 490 g e composição de 100% algodão, a peça reúne características relevantes para uso recorrente. Para a conservação, o processo de lavanderia deve sempre respeitar a etiqueta do produto.</p><p><strong>Características:</strong></p><ul><li>Medidas: 70 x 140 cm</li><li>Gramatura: 500 g/m²</li><li>Peso: 490 g</li><li>Composição: 100% algodão</li><li>Cor: Bege</li><li>Fio cardado 24/2</li></ul><h3>Perguntas frequentes</h3><p><strong>Qual é a gramatura da toalha Aura?</strong><br />Esta toalha tem gramatura de 500 g/m², característica que contribui para volume, absorção e percepção de conforto. A gramatura deve ser avaliada junto com composição, peso e rotina de lavanderia.</p><p><strong>Qual é a composição desta toalha?</strong><br />A composição informada é 100% algodão. Essa informação deve orientar a escolha e o processo de conservação do enxoval.</p><p><strong>Qual é o tamanho da toalha de banho?</strong><br />A peça mede 70 x 140 cm e pesa 490 g, conforme o cadastro do produto.</p><p><strong>Para que serve a toalha de banho na hospedagem?</strong><br />É indicada para uso após o banho, ajudando a compor um enxoval padronizado para hotéis, pousadas, motéis e imóveis de temporada.</p><p><strong>Toalha com maior gramatura é sempre melhor?</strong><br />Não. Maior gramatura tende a oferecer mais volume e absorção, mas também influencia peso, lavagem e secagem. A escolha deve considerar a experiência desejada e a operação da lavanderia.</p><p><strong>Como conservar toalhas de hotel?</strong><br />Siga sempre as instruções da etiqueta e ajuste dosagens, lavagem e secagem à composição da peça. A etiqueta do produto prevalece sobre recomendações gerais.</p><p><strong>Como saber quando substituir uma toalha de hotel?</strong><br />Perda relevante de absorção ou maciez, manchas permanentes, desfiados e bordas comprometidas indicam que a peça deve ser avaliada para retirada de circulação.</p><p><strong>Onde comprar toalhas profissionais para hotel?</strong><br />A Conamore é especializada em enxoval para hotelaria e oferece toalhas para hotéis, pousadas, motéis, clínicas e imóveis de temporada.</p>",Toalha Banho Aura Bege 70 x 140 cm | Conamore,"toalha de banho, toalha aura, toalha bege, toalha para hotel, toalha para pousada, enxoval de banho, toalha profissional, Conamore","Toalha de banho Aura bege 70 x 140 cm, 500 g/m² e 100% algodão. Para hotéis, pousadas e imóveis de temporada."
4230044,Toalha de Rosto Aura Bege - 50x80 cm - Gramatura 500g/m2 - Peso: 200g - 100% Algodão,"<p><strong>Toalha de Rosto Aura Bege 50 x 80 cm - Conamore</strong></p><p>A toalha de rosto Aura na cor bege foi desenvolvida para compor enxovais de hotéis, pousadas, motéis, clínicas e imóveis de temporada. A construção combina absorção, toque confortável e padronização para operações de hospedagem.</p><p>Com gramatura de 500 g/m², peso de 200 g e composição de 100% algodão, a peça reúne características relevantes para uso recorrente. Para a conservação, o processo de lavanderia deve sempre respeitar a etiqueta do produto.</p><p><strong>Características:</strong></p><ul><li>Medidas: 50 x 80 cm</li><li>Gramatura: 500 g/m²</li><li>Peso: 200 g</li><li>Composição: 100% algodão</li><li>Cor: Bege</li><li>Fio cardado 24/2</li></ul><h3>Perguntas frequentes</h3><p><strong>Qual é a gramatura da toalha Aura?</strong><br />Esta toalha tem gramatura de 500 g/m², característica que contribui para volume, absorção e percepção de conforto. A gramatura deve ser avaliada junto com composição, peso e rotina de lavanderia.</p><p><strong>Qual é a composição desta toalha?</strong><br />A composição informada é 100% algodão. Essa informação deve orientar a escolha e o processo de conservação do enxoval.</p><p><strong>Qual é o tamanho da toalha de rosto?</strong><br />A peça mede 50 x 80 cm e pesa 200 g, conforme o cadastro do produto.</p><p><strong>Para que serve a toalha de rosto na hospedagem?</strong><br />É indicada para uso na rotina de higiene do hóspede, ajudando a compor um enxoval padronizado para hotéis, pousadas, motéis e imóveis de temporada.</p><p><strong>Toalha com maior gramatura é sempre melhor?</strong><br />Não. Maior gramatura tende a oferecer mais volume e absorção, mas também influencia peso, lavagem e secagem. A escolha deve considerar a experiência desejada e a operação da lavanderia.</p><p><strong>Como conservar toalhas de hotel?</strong><br />Siga sempre as instruções da etiqueta e ajuste dosagens, lavagem e secagem à composição da peça. A etiqueta do produto prevalece sobre recomendações gerais.</p><p><strong>Como saber quando substituir uma toalha de hotel?</strong><br />Perda relevante de absorção ou maciez, manchas permanentes, desfiados e bordas comprometidas indicam que a peça deve ser avaliada para retirada de circulação.</p><p><strong>Onde comprar toalhas profissionais para hotel?</strong><br />A Conamore é especializada em enxoval para hotelaria e oferece toalhas para hotéis, pousadas, motéis, clínicas e imóveis de temporada.</p>",Toalha Rosto Aura Bege 50 x 80 cm | Conamore,"toalha de rosto, toalha aura, toalha bege, toalha para hotel, toalha para pousada, enxoval de banho, toalha profissional, Conamore","Toalha de rosto Aura bege 50 x 80 cm, 500 g/m² e 100% algodão. Para hotéis, pousadas e imóveis de temporada."
4230045,Toalha de Piso Aura Bege - 50x80 cm - Gramatura 500g/m2 - Peso: 200g - 100% Algodão,"<p><strong>Toalha de Piso Aura Bege 50 x 80 cm - Conamore</strong></p><p>A toalha de piso Aura na cor bege foi desenvolvida para compor enxovais de hotéis, pousadas, motéis, clínicas e imóveis de temporada. A construção combina absorção, toque confortável e padronização para operações de hospedagem.</p><p>Com gramatura de 500 g/m², peso de 200 g e composição de 100% algodão, a peça reúne características relevantes para uso recorrente. Para a conservação, o processo de lavanderia deve sempre respeitar a etiqueta do produto.</p><p><strong>Características:</strong></p><ul><li>Medidas: 50 x 80 cm</li><li>Gramatura: 500 g/m²</li><li>Peso: 200 g</li><li>Composição: 100% algodão</li><li>Cor: Bege</li><li>Fio cardado 24/2</li></ul><h3>Perguntas frequentes</h3><p><strong>Qual é a gramatura da toalha Aura?</strong><br />Esta toalha tem gramatura de 500 g/m², característica que contribui para volume, absorção e percepção de conforto. A gramatura deve ser avaliada junto com composição, peso e rotina de lavanderia.</p><p><strong>Qual é a composição desta toalha?</strong><br />A composição informada é 100% algodão. Essa informação deve orientar a escolha e o processo de conservação do enxoval.</p><p><strong>Qual é o tamanho da toalha de piso?</strong><br />A peça mede 50 x 80 cm e pesa 200 g, conforme o cadastro do produto.</p><p><strong>Para que serve a toalha de piso na hospedagem?</strong><br />É indicada para uso na saída do banho, ajudando a compor um enxoval padronizado para hotéis, pousadas, motéis e imóveis de temporada.</p><p><strong>Toalha com maior gramatura é sempre melhor?</strong><br />Não. Maior gramatura tende a oferecer mais volume e absorção, mas também influencia peso, lavagem e secagem. A escolha deve considerar a experiência desejada e a operação da lavanderia.</p><p><strong>Como conservar toalhas de hotel?</strong><br />Siga sempre as instruções da etiqueta e ajuste dosagens, lavagem e secagem à composição da peça. A etiqueta do produto prevalece sobre recomendações gerais.</p><p><strong>Como saber quando substituir uma toalha de hotel?</strong><br />Perda relevante de absorção ou maciez, manchas permanentes, desfiados e bordas comprometidas indicam que a peça deve ser avaliada para retirada de circulação.</p><p><strong>Onde comprar toalhas profissionais para hotel?</strong><br />A Conamore é especializada em enxoval para hotelaria e oferece toalhas para hotéis, pousadas, motéis, clínicas e imóveis de temporada.</p>",Toalha Piso Aura Bege 50 x 80 cm | Conamore,"toalha de piso, toalha aura, toalha bege, toalha para hotel, toalha para pousada, enxoval de banho, toalha profissional, Conamore","Toalha de piso Aura bege 50 x 80 cm, 500 g/m² e 100% algodão. Para hotéis, pousadas e imóveis de temporada."
4230046,Toalha de Banho Aura Cinza - 70x140 cm - Gramatura 500g/m2 - Peso: 490g - 100% Algodão,"<p><strong>Toalha de Banho Aura Cinza 70 x 140 cm - Conamore</strong></p><p>A toalha de banho Aura na cor cinza foi desenvolvida para compor enxovais de hotéis, pousadas, motéis, clínicas e imóveis de temporada. A construção combina absorção, toque confortável e padronização para operações de hospedagem.</p><p>Com gramatura de 500 g/m², peso de 490 g e composição de 100% algodão, a peça reúne características relevantes para uso recorrente. Para a conservação, o processo de lavanderia deve sempre respeitar a etiqueta do produto.</p><p><strong>Características:</strong></p><ul><li>Medidas: 70 x 140 cm</li><li>Gramatura: 500 g/m²</li><li>Peso: 490 g</li><li>Composição: 100% algodão</li><li>Cor: Cinza</li><li>Fio cardado 24/2</li></ul><h3>Perguntas frequentes</h3><p><strong>Qual é a gramatura da toalha Aura?</strong><br />Esta toalha tem gramatura de 500 g/m², característica que contribui para volume, absorção e percepção de conforto. A gramatura deve ser avaliada junto com composição, peso e rotina de lavanderia.</p><p><strong>Qual é a composição desta toalha?</strong><br />A composição informada é 100% algodão. Essa informação deve orientar a escolha e o processo de conservação do enxoval.</p><p><strong>Qual é o tamanho da toalha de banho?</strong><br />A peça mede 70 x 140 cm e pesa 490 g, conforme o cadastro do produto.</p><p><strong>Para que serve a toalha de banho na hospedagem?</strong><br />É indicada para uso após o banho, ajudando a compor um enxoval padronizado para hotéis, pousadas, motéis e imóveis de temporada.</p><p><strong>Toalha com maior gramatura é sempre melhor?</strong><br />Não. Maior gramatura tende a oferecer mais volume e absorção, mas também influencia peso, lavagem e secagem. A escolha deve considerar a experiência desejada e a operação da lavanderia.</p><p><strong>Como conservar toalhas de hotel?</strong><br />Siga sempre as instruções da etiqueta e ajuste dosagens, lavagem e secagem à composição da peça. A etiqueta do produto prevalece sobre recomendações gerais.</p><p><strong>Como saber quando substituir uma toalha de hotel?</strong><br />Perda relevante de absorção ou maciez, manchas permanentes, desfiados e bordas comprometidas indicam que a peça deve ser avaliada para retirada de circulação.</p><p><strong>Onde comprar toalhas profissionais para hotel?</strong><br />A Conamore é especializada em enxoval para hotelaria e oferece toalhas para hotéis, pousadas, motéis, clínicas e imóveis de temporada.</p>",Toalha Banho Aura Cinza 70 x 140 cm | Conamore,"toalha de banho, toalha aura, toalha cinza, toalha para hotel, toalha para pousada, enxoval de banho, toalha profissional, Conamore","Toalha de banho Aura cinza 70 x 140 cm, 500 g/m² e 100% algodão. Para hotéis, pousadas e imóveis de temporada."
4230047,Toalha de Rosto Aura Cinza - 50x80 cm - Gramatura 500g/m2 - Peso: 200g - 100% Algodão,"<p><strong>Toalha de Rosto Aura Cinza 50 x 80 cm - Conamore</strong></p><p>A toalha de rosto Aura na cor cinza foi desenvolvida para compor enxovais de hotéis, pousadas, motéis, clínicas e imóveis de temporada. A construção combina absorção, toque confortável e padronização para operações de hospedagem.</p><p>Com gramatura de 500 g/m², peso de 200 g e composição de 100% algodão, a peça reúne características relevantes para uso recorrente. Para a conservação, o processo de lavanderia deve sempre respeitar a etiqueta do produto.</p><p><strong>Características:</strong></p><ul><li>Medidas: 50 x 80 cm</li><li>Gramatura: 500 g/m²</li><li>Peso: 200 g</li><li>Composição: 100% algodão</li><li>Cor: Cinza</li><li>Fio cardado 24/2</li></ul><h3>Perguntas frequentes</h3><p><strong>Qual é a gramatura da toalha Aura?</strong><br />Esta toalha tem gramatura de 500 g/m², característica que contribui para volume, absorção e percepção de conforto. A gramatura deve ser avaliada junto com composição, peso e rotina de lavanderia.</p><p><strong>Qual é a composição desta toalha?</strong><br />A composição informada é 100% algodão. Essa informação deve orientar a escolha e o processo de conservação do enxoval.</p><p><strong>Qual é o tamanho da toalha de rosto?</strong><br />A peça mede 50 x 80 cm e pesa 200 g, conforme o cadastro do produto.</p><p><strong>Para que serve a toalha de rosto na hospedagem?</strong><br />É indicada para uso na rotina de higiene do hóspede, ajudando a compor um enxoval padronizado para hotéis, pousadas, motéis e imóveis de temporada.</p><p><strong>Toalha com maior gramatura é sempre melhor?</strong><br />Não. Maior gramatura tende a oferecer mais volume e absorção, mas também influencia peso, lavagem e secagem. A escolha deve considerar a experiência desejada e a operação da lavanderia.</p><p><strong>Como conservar toalhas de hotel?</strong><br />Siga sempre as instruções da etiqueta e ajuste dosagens, lavagem e secagem à composição da peça. A etiqueta do produto prevalece sobre recomendações gerais.</p><p><strong>Como saber quando substituir uma toalha de hotel?</strong><br />Perda relevante de absorção ou maciez, manchas permanentes, desfiados e bordas comprometidas indicam que a peça deve ser avaliada para retirada de circulação.</p><p><strong>Onde comprar toalhas profissionais para hotel?</strong><br />A Conamore é especializada em enxoval para hotelaria e oferece toalhas para hotéis, pousadas, motéis, clínicas e imóveis de temporada.</p>",Toalha Rosto Aura Cinza 50 x 80 cm | Conamore,"toalha de rosto, toalha aura, toalha cinza, toalha para hotel, toalha para pousada, enxoval de banho, toalha profissional, Conamore","Toalha de rosto Aura cinza 50 x 80 cm, 500 g/m² e 100% algodão. Para hotéis, pousadas e imóveis de temporada."
4230048,Toalha de Piso Aura Cinza - 50x80 cm - Gramatura 500g/m2 - Peso: 200g - 100% Algodão,"<p><strong>Toalha de Piso Aura Cinza 50 x 80 cm - Conamore</strong></p><p>A toalha de piso Aura na cor cinza foi desenvolvida para compor enxovais de hotéis, pousadas, motéis, clínicas e imóveis de temporada. A construção combina absorção, toque confortável e padronização para operações de hospedagem.</p><p>Com gramatura de 500 g/m², peso de 200 g e composição de 100% algodão, a peça reúne características relevantes para uso recorrente. Para a conservação, o processo de lavanderia deve sempre respeitar a etiqueta do produto.</p><p><strong>Características:</strong></p><ul><li>Medidas: 50 x 80 cm</li><li>Gramatura: 500 g/m²</li><li>Peso: 200 g</li><li>Composição: 100% algodão</li><li>Cor: Cinza</li><li>Fio cardado 24/2</li></ul><h3>Perguntas frequentes</h3><p><strong>Qual é a gramatura da toalha Aura?</strong><br />Esta toalha tem gramatura de 500 g/m², característica que contribui para volume, absorção e percepção de conforto. A gramatura deve ser avaliada junto com composição, peso e rotina de lavanderia.</p><p><strong>Qual é a composição desta toalha?</strong><br />A composição informada é 100% algodão. Essa informação deve orientar a escolha e o processo de conservação do enxoval.</p><p><strong>Qual é o tamanho da toalha de piso?</strong><br />A peça mede 50 x 80 cm e pesa 200 g, conforme o cadastro do produto.</p><p><strong>Para que serve a toalha de piso na hospedagem?</strong><br />É indicada para uso na saída do banho, ajudando a compor um enxoval padronizado para hotéis, pousadas, motéis e imóveis de temporada.</p><p><strong>Toalha com maior gramatura é sempre melhor?</strong><br />Não. Maior gramatura tende a oferecer mais volume e absorção, mas também influencia peso, lavagem e secagem. A escolha deve considerar a experiência desejada e a operação da lavanderia.</p><p><strong>Como conservar toalhas de hotel?</strong><br />Siga sempre as instruções da etiqueta e ajuste dosagens, lavagem e secagem à composição da peça. A etiqueta do produto prevalece sobre recomendações gerais.</p><p><strong>Como saber quando substituir uma toalha de hotel?</strong><br />Perda relevante de absorção ou maciez, manchas permanentes, desfiados e bordas comprometidas indicam que a peça deve ser avaliada para retirada de circulação.</p><p><strong>Onde comprar toalhas profissionais para hotel?</strong><br />A Conamore é especializada em enxoval para hotelaria e oferece toalhas para hotéis, pousadas, motéis, clínicas e imóveis de temporada.</p>",Toalha Piso Aura Cinza 50 x 80 cm | Conamore,"toalha de piso, toalha aura, toalha cinza, toalha para hotel, toalha para pousada, enxoval de banho, toalha profissional, Conamore","Toalha de piso Aura cinza 50 x 80 cm, 500 g/m² e 100% algodão. Para hotéis, pousadas e imóveis de temporada."
4230049,Toalha de Banho Aura Azul - 70x140 cm - Gramatura 500g/m2 - Peso: 490g - 100% Algodão,"<p><strong>Toalha de Banho Aura Azul 70 x 140 cm - Conamore</strong></p><p>A toalha de banho Aura na cor azul foi desenvolvida para compor enxovais de hotéis, pousadas, motéis, clínicas e imóveis de temporada. A construção combina absorção, toque confortável e padronização para operações de hospedagem.</p><p>Com gramatura de 500 g/m², peso de 490 g e composição de 100% algodão, a peça reúne características relevantes para uso recorrente. Para a conservação, o processo de lavanderia deve sempre respeitar a etiqueta do produto.</p><p><strong>Características:</strong></p><ul><li>Medidas: 70 x 140 cm</li><li>Gramatura: 500 g/m²</li><li>Peso: 490 g</li><li>Composição: 100% algodão</li><li>Cor: Azul</li><li>Fio cardado 24/2</li></ul><h3>Perguntas frequentes</h3><p><strong>Qual é a gramatura da toalha Aura?</strong><br />Esta toalha tem gramatura de 500 g/m², característica que contribui para volume, absorção e percepção de conforto. A gramatura deve ser avaliada junto com composição, peso e rotina de lavanderia.</p><p><strong>Qual é a composição desta toalha?</strong><br />A composição informada é 100% algodão. Essa informação deve orientar a escolha e o processo de conservação do enxoval.</p><p><strong>Qual é o tamanho da toalha de banho?</strong><br />A peça mede 70 x 140 cm e pesa 490 g, conforme o cadastro do produto.</p><p><strong>Para que serve a toalha de banho na hospedagem?</strong><br />É indicada para uso após o banho, ajudando a compor um enxoval padronizado para hotéis, pousadas, motéis e imóveis de temporada.</p><p><strong>Toalha com maior gramatura é sempre melhor?</strong><br />Não. Maior gramatura tende a oferecer mais volume e absorção, mas também influencia peso, lavagem e secagem. A escolha deve considerar a experiência desejada e a operação da lavanderia.</p><p><strong>Como conservar toalhas de hotel?</strong><br />Siga sempre as instruções da etiqueta e ajuste dosagens, lavagem e secagem à composição da peça. A etiqueta do produto prevalece sobre recomendações gerais.</p><p><strong>Como saber quando substituir uma toalha de hotel?</strong><br />Perda relevante de absorção ou maciez, manchas permanentes, desfiados e bordas comprometidas indicam que a peça deve ser avaliada para retirada de circulação.</p><p><strong>Onde comprar toalhas profissionais para hotel?</strong><br />A Conamore é especializada em enxoval para hotelaria e oferece toalhas para hotéis, pousadas, motéis, clínicas e imóveis de temporada.</p>",Toalha Banho Aura Azul 70 x 140 cm | Conamore,"toalha de banho, toalha aura, toalha azul, toalha para hotel, toalha para pousada, enxoval de banho, toalha profissional, Conamore","Toalha de banho Aura azul 70 x 140 cm, 500 g/m² e 100% algodão. Para hotéis, pousadas e imóveis de temporada."
4230050,Toalha de Rosto Aura Azul - 50x80 cm - Gramatura 500g/m2 - Peso: 200g - 100% Algodão,"<p><strong>Toalha de Rosto Aura Azul 50 x 80 cm - Conamore</strong></p><p>A toalha de rosto Aura na cor azul foi desenvolvida para compor enxovais de hotéis, pousadas, motéis, clínicas e imóveis de temporada. A construção combina absorção, toque confortável e padronização para operações de hospedagem.</p><p>Com gramatura de 500 g/m², peso de 200 g e composição de 100% algodão, a peça reúne características relevantes para uso recorrente. Para a conservação, o processo de lavanderia deve sempre respeitar a etiqueta do produto.</p><p><strong>Características:</strong></p><ul><li>Medidas: 50 x 80 cm</li><li>Gramatura: 500 g/m²</li><li>Peso: 200 g</li><li>Composição: 100% algodão</li><li>Cor: Azul</li><li>Fio cardado 24/2</li></ul><h3>Perguntas frequentes</h3><p><strong>Qual é a gramatura da toalha Aura?</strong><br />Esta toalha tem gramatura de 500 g/m², característica que contribui para volume, absorção e percepção de conforto. A gramatura deve ser avaliada junto com composição, peso e rotina de lavanderia.</p><p><strong>Qual é a composição desta toalha?</strong><br />A composição informada é 100% algodão. Essa informação deve orientar a escolha e o processo de conservação do enxoval.</p><p><strong>Qual é o tamanho da toalha de rosto?</strong><br />A peça mede 50 x 80 cm e pesa 200 g, conforme o cadastro do produto.</p><p><strong>Para que serve a toalha de rosto na hospedagem?</strong><br />É indicada para uso na rotina de higiene do hóspede, ajudando a compor um enxoval padronizado para hotéis, pousadas, motéis e imóveis de temporada.</p><p><strong>Toalha com maior gramatura é sempre melhor?</strong><br />Não. Maior gramatura tende a oferecer mais volume e absorção, mas também influencia peso, lavagem e secagem. A escolha deve considerar a experiência desejada e a operação da lavanderia.</p><p><strong>Como conservar toalhas de hotel?</strong><br />Siga sempre as instruções da etiqueta e ajuste dosagens, lavagem e secagem à composição da peça. A etiqueta do produto prevalece sobre recomendações gerais.</p><p><strong>Como saber quando substituir uma toalha de hotel?</strong><br />Perda relevante de absorção ou maciez, manchas permanentes, desfiados e bordas comprometidas indicam que a peça deve ser avaliada para retirada de circulação.</p><p><strong>Onde comprar toalhas profissionais para hotel?</strong><br />A Conamore é especializada em enxoval para hotelaria e oferece toalhas para hotéis, pousadas, motéis, clínicas e imóveis de temporada.</p>",Toalha Rosto Aura Azul 50 x 80 cm | Conamore,"toalha de rosto, toalha aura, toalha azul, toalha para hotel, toalha para pousada, enxoval de banho, toalha profissional, Conamore","Toalha de rosto Aura azul 50 x 80 cm, 500 g/m² e 100% algodão. Para hotéis, pousadas e imóveis de temporada."
4230051,Toalha de Piso Aura Azul - 50x80 cm - Gramatura 500g/m2 - Peso: 200g - 100% Algodão,"<p><strong>Toalha de Piso Aura Azul 50 x 80 cm - Conamore</strong></p><p>A toalha de piso Aura na cor azul foi desenvolvida para compor enxovais de hotéis, pousadas, motéis, clínicas e imóveis de temporada. A construção combina absorção, toque confortável e padronização para operações de hospedagem.</p><p>Com gramatura de 500 g/m², peso de 200 g e composição de 100% algodão, a peça reúne características relevantes para uso recorrente. Para a conservação, o processo de lavanderia deve sempre respeitar a etiqueta do produto.</p><p><strong>Características:</strong></p><ul><li>Medidas: 50 x 80 cm</li><li>Gramatura: 500 g/m²</li><li>Peso: 200 g</li><li>Composição: 100% algodão</li><li>Cor: Azul</li><li>Fio cardado 24/2</li></ul><h3>Perguntas frequentes</h3><p><strong>Qual é a gramatura da toalha Aura?</strong><br />Esta toalha tem gramatura de 500 g/m², característica que contribui para volume, absorção e percepção de conforto. A gramatura deve ser avaliada junto com composição, peso e rotina de lavanderia.</p><p><strong>Qual é a composição desta toalha?</strong><br />A composição informada é 100% algodão. Essa informação deve orientar a escolha e o processo de conservação do enxoval.</p><p><strong>Qual é o tamanho da toalha de piso?</strong><br />A peça mede 50 x 80 cm e pesa 200 g, conforme o cadastro do produto.</p><p><strong>Para que serve a toalha de piso na hospedagem?</strong><br />É indicada para uso na saída do banho, ajudando a compor um enxoval padronizado para hotéis, pousadas, motéis e imóveis de temporada.</p><p><strong>Toalha com maior gramatura é sempre melhor?</strong><br />Não. Maior gramatura tende a oferecer mais volume e absorção, mas também influencia peso, lavagem e secagem. A escolha deve considerar a experiência desejada e a operação da lavanderia.</p><p><strong>Como conservar toalhas de hotel?</strong><br />Siga sempre as instruções da etiqueta e ajuste dosagens, lavagem e secagem à composição da peça. A etiqueta do produto prevalece sobre recomendações gerais.</p><p><strong>Como saber quando substituir uma toalha de hotel?</strong><br />Perda relevante de absorção ou maciez, manchas permanentes, desfiados e bordas comprometidas indicam que a peça deve ser avaliada para retirada de circulação.</p><p><strong>Onde comprar toalhas profissionais para hotel?</strong><br />A Conamore é especializada em enxoval para hotelaria e oferece toalhas para hotéis, pousadas, motéis, clínicas e imóveis de temporada.</p>",Toalha Piso Aura Azul 50 x 80 cm | Conamore,"toalha de piso, toalha aura, toalha azul, toalha para hotel, toalha para pousada, enxoval de banho, toalha profissional, Conamore","Toalha de piso Aura azul 50 x 80 cm, 500 g/m² e 100% algodão. Para hotéis, pousadas e imóveis de temporada."
4230052,Toalha de Banho Aura Rose - 70x140 cm - Gramatura 500g/m2 - Peso: 490g - 100% Algodão,"<p><strong>Toalha de Banho Aura Rose 70 x 140 cm - Conamore</strong></p><p>A toalha de banho Aura na cor rose foi desenvolvida para compor enxovais de hotéis, pousadas, motéis, clínicas e imóveis de temporada. A construção combina absorção, toque confortável e padronização para operações de hospedagem.</p><p>Com gramatura de 500 g/m², peso de 490 g e composição de 100% algodão, a peça reúne características relevantes para uso recorrente. Para a conservação, o processo de lavanderia deve sempre respeitar a etiqueta do produto.</p><p><strong>Características:</strong></p><ul><li>Medidas: 70 x 140 cm</li><li>Gramatura: 500 g/m²</li><li>Peso: 490 g</li><li>Composição: 100% algodão</li><li>Cor: Rose</li><li>Fio cardado 24/2</li></ul><h3>Perguntas frequentes</h3><p><strong>Qual é a gramatura da toalha Aura?</strong><br />Esta toalha tem gramatura de 500 g/m², característica que contribui para volume, absorção e percepção de conforto. A gramatura deve ser avaliada junto com composição, peso e rotina de lavanderia.</p><p><strong>Qual é a composição desta toalha?</strong><br />A composição informada é 100% algodão. Essa informação deve orientar a escolha e o processo de conservação do enxoval.</p><p><strong>Qual é o tamanho da toalha de banho?</strong><br />A peça mede 70 x 140 cm e pesa 490 g, conforme o cadastro do produto.</p><p><strong>Para que serve a toalha de banho na hospedagem?</strong><br />É indicada para uso após o banho, ajudando a compor um enxoval padronizado para hotéis, pousadas, motéis e imóveis de temporada.</p><p><strong>Toalha com maior gramatura é sempre melhor?</strong><br />Não. Maior gramatura tende a oferecer mais volume e absorção, mas também influencia peso, lavagem e secagem. A escolha deve considerar a experiência desejada e a operação da lavanderia.</p><p><strong>Como conservar toalhas de hotel?</strong><br />Siga sempre as instruções da etiqueta e ajuste dosagens, lavagem e secagem à composição da peça. A etiqueta do produto prevalece sobre recomendações gerais.</p><p><strong>Como saber quando substituir uma toalha de hotel?</strong><br />Perda relevante de absorção ou maciez, manchas permanentes, desfiados e bordas comprometidas indicam que a peça deve ser avaliada para retirada de circulação.</p><p><strong>Onde comprar toalhas profissionais para hotel?</strong><br />A Conamore é especializada em enxoval para hotelaria e oferece toalhas para hotéis, pousadas, motéis, clínicas e imóveis de temporada.</p>",Toalha Banho Aura Rose 70 x 140 cm | Conamore,"toalha de banho, toalha aura, toalha rose, toalha para hotel, toalha para pousada, enxoval de banho, toalha profissional, Conamore","Toalha de banho Aura rose 70 x 140 cm, 500 g/m² e 100% algodão. Para hotéis, pousadas e imóveis de temporada."
4230053,Toalha de Rosto Aura Rose - 50x80 cm - Gramatura 500g/m2 - Peso: 200g - 100% Algodão,"<p><strong>Toalha de Rosto Aura Rose 50 x 80 cm - Conamore</strong></p><p>A toalha de rosto Aura na cor rose foi desenvolvida para compor enxovais de hotéis, pousadas, motéis, clínicas e imóveis de temporada. A construção combina absorção, toque confortável e padronização para operações de hospedagem.</p><p>Com gramatura de 500 g/m², peso de 200 g e composição de 100% algodão, a peça reúne características relevantes para uso recorrente. Para a conservação, o processo de lavanderia deve sempre respeitar a etiqueta do produto.</p><p><strong>Características:</strong></p><ul><li>Medidas: 50 x 80 cm</li><li>Gramatura: 500 g/m²</li><li>Peso: 200 g</li><li>Composição: 100% algodão</li><li>Cor: Rose</li><li>Fio cardado 24/2</li></ul><h3>Perguntas frequentes</h3><p><strong>Qual é a gramatura da toalha Aura?</strong><br />Esta toalha tem gramatura de 500 g/m², característica que contribui para volume, absorção e percepção de conforto. A gramatura deve ser avaliada junto com composição, peso e rotina de lavanderia.</p><p><strong>Qual é a composição desta toalha?</strong><br />A composição informada é 100% algodão. Essa informação deve orientar a escolha e o processo de conservação do enxoval.</p><p><strong>Qual é o tamanho da toalha de rosto?</strong><br />A peça mede 50 x 80 cm e pesa 200 g, conforme o cadastro do produto.</p><p><strong>Para que serve a toalha de rosto na hospedagem?</strong><br />É indicada para uso na rotina de higiene do hóspede, ajudando a compor um enxoval padronizado para hotéis, pousadas, motéis e imóveis de temporada.</p><p><strong>Toalha com maior gramatura é sempre melhor?</strong><br />Não. Maior gramatura tende a oferecer mais volume e absorção, mas também influencia peso, lavagem e secagem. A escolha deve considerar a experiência desejada e a operação da lavanderia.</p><p><strong>Como conservar toalhas de hotel?</strong><br />Siga sempre as instruções da etiqueta e ajuste dosagens, lavagem e secagem à composição da peça. A etiqueta do produto prevalece sobre recomendações gerais.</p><p><strong>Como saber quando substituir uma toalha de hotel?</strong><br />Perda relevante de absorção ou maciez, manchas permanentes, desfiados e bordas comprometidas indicam que a peça deve ser avaliada para retirada de circulação.</p><p><strong>Onde comprar toalhas profissionais para hotel?</strong><br />A Conamore é especializada em enxoval para hotelaria e oferece toalhas para hotéis, pousadas, motéis, clínicas e imóveis de temporada.</p>",Toalha Rosto Aura Rose 50 x 80 cm | Conamore,"toalha de rosto, toalha aura, toalha rose, toalha para hotel, toalha para pousada, enxoval de banho, toalha profissional, Conamore","Toalha de rosto Aura rose 50 x 80 cm, 500 g/m² e 100% algodão. Para hotéis, pousadas e imóveis de temporada."
4230054,Toalha de Piso Aura Rose - 50x80 cm - Gramatura 500g/m2 - Peso: 200g - 100% Algodão,"<p><strong>Toalha de Piso Aura Rose 50 x 80 cm - Conamore</strong></p><p>A toalha de piso Aura na cor rose foi desenvolvida para compor enxovais de hotéis, pousadas, motéis, clínicas e imóveis de temporada. A construção combina absorção, toque confortável e padronização para operações de hospedagem.</p><p>Com gramatura de 500 g/m², peso de 200 g e composição de 100% algodão, a peça reúne características relevantes para uso recorrente. Para a conservação, o processo de lavanderia deve sempre respeitar a etiqueta do produto.</p><p><strong>Características:</strong></p><ul><li>Medidas: 50 x 80 cm</li><li>Gramatura: 500 g/m²</li><li>Peso: 200 g</li><li>Composição: 100% algodão</li><li>Cor: Rose</li><li>Fio cardado 24/2</li></ul><h3>Perguntas frequentes</h3><p><strong>Qual é a gramatura da toalha Aura?</strong><br />Esta toalha tem gramatura de 500 g/m², característica que contribui para volume, absorção e percepção de conforto. A gramatura deve ser avaliada junto com composição, peso e rotina de lavanderia.</p><p><strong>Qual é a composição desta toalha?</strong><br />A composição informada é 100% algodão. Essa informação deve orientar a escolha e o processo de conservação do enxoval.</p><p><strong>Qual é o tamanho da toalha de piso?</strong><br />A peça mede 50 x 80 cm e pesa 200 g, conforme o cadastro do produto.</p><p><strong>Para que serve a toalha de piso na hospedagem?</strong><br />É indicada para uso na saída do banho, ajudando a compor um enxoval padronizado para hotéis, pousadas, motéis e imóveis de temporada.</p><p><strong>Toalha com maior gramatura é sempre melhor?</strong><br />Não. Maior gramatura tende a oferecer mais volume e absorção, mas também influencia peso, lavagem e secagem. A escolha deve considerar a experiência desejada e a operação da lavanderia.</p><p><strong>Como conservar toalhas de hotel?</strong><br />Siga sempre as instruções da etiqueta e ajuste dosagens, lavagem e secagem à composição da peça. A etiqueta do produto prevalece sobre recomendações gerais.</p><p><strong>Como saber quando substituir uma toalha de hotel?</strong><br />Perda relevante de absorção ou maciez, manchas permanentes, desfiados e bordas comprometidas indicam que a peça deve ser avaliada para retirada de circulação.</p><p><strong>Onde comprar toalhas profissionais para hotel?</strong><br />A Conamore é especializada em enxoval para hotelaria e oferece toalhas para hotéis, pousadas, motéis, clínicas e imóveis de temporada.</p>",Toalha Piso Aura Rose 50 x 80 cm | Conamore,"toalha de piso, toalha aura, toalha rose, toalha para hotel, toalha para pousada, enxoval de banho, toalha profissional, Conamore","Toalha de piso Aura rose 50 x 80 cm, 500 g/m² e 100% algodão. Para hotéis, pousadas e imóveis de temporada."
4123077,"Toalha de Banho Branca Imperial - 80 x 1,50 - Gramatura 600g/m2 - peso 720g - 90% Algodão  10% Poliester","<p><strong>Toalha de Banho Imperial Branca 80 x 150 cm - Conamore</strong></p><p>A toalha de banho Imperial na cor branca foi desenvolvida para compor enxovais de hotéis, pousadas, motéis, clínicas e imóveis de temporada. A construção combina absorção, toque confortável e padronização para operações de hospedagem.</p><p>Com gramatura de 600 g/m², peso de 720 g e composição de 90% algodão e 10% poliéster, a peça reúne características relevantes para uso recorrente. Para a conservação, o processo de lavanderia deve sempre respeitar a etiqueta do produto.</p><p><strong>Características:</strong></p><ul><li>Medidas: 80 x 150 cm</li><li>Gramatura: 600 g/m²</li><li>Peso: 720 g</li><li>Composição: 90% algodão e 10% poliéster</li><li>Cor: Branca</li><li>Fio retorcido</li><li>Indicada para lavagem industrial</li></ul><h3>Perguntas frequentes</h3><p><strong>Qual é a gramatura da toalha Imperial?</strong><br />Esta toalha tem gramatura de 600 g/m², característica que contribui para volume, absorção e percepção de conforto. A gramatura deve ser avaliada junto com composição, peso e rotina de lavanderia.</p><p><strong>Qual é a composição desta toalha?</strong><br />A composição informada é 90% algodão e 10% poliéster. Essa informação deve orientar a escolha e o processo de conservação do enxoval.</p><p><strong>Qual é o tamanho da toalha de banho?</strong><br />A peça mede 80 x 150 cm e pesa 720 g, conforme o cadastro do produto.</p><p><strong>Para que serve a toalha de banho na hospedagem?</strong><br />É indicada para uso após o banho, ajudando a compor um enxoval padronizado para hotéis, pousadas, motéis e imóveis de temporada.</p><p><strong>Toalha com maior gramatura é sempre melhor?</strong><br />Não. Maior gramatura tende a oferecer mais volume e absorção, mas também influencia peso, lavagem e secagem. A escolha deve considerar a experiência desejada e a operação da lavanderia.</p><p><strong>Como conservar toalhas de hotel?</strong><br />Siga sempre as instruções da etiqueta e ajuste dosagens, lavagem e secagem à composição da peça. A etiqueta do produto prevalece sobre recomendações gerais.</p><p><strong>Como saber quando substituir uma toalha de hotel?</strong><br />Perda relevante de absorção ou maciez, manchas permanentes, desfiados e bordas comprometidas indicam que a peça deve ser avaliada para retirada de circulação.</p><p><strong>Onde comprar toalhas profissionais para hotel?</strong><br />A Conamore é especializada em enxoval para hotelaria e oferece toalhas para hotéis, pousadas, motéis, clínicas e imóveis de temporada.</p>",Toalha Banho Imperial Branca 80 x 150 cm | Conamore,"toalha de banho, toalha imperial, toalha branca, toalha para hotel, toalha para pousada, enxoval de banho, toalha profissional, Conamore","Toalha de banho Imperial branca 80 x 150 cm, 600 g/m² e 90% algodão e 10% poliéster. Para hotéis, pousadas e imóveis de temporada."
4123078,Toalha de Rosto Branca Imperial - 50 x 80 - Gramatura 600g/m2 - peso 240g - 90% Algodão  10% Poliester ,"<p><strong>Toalha de Rosto Imperial Branca 50 x 80 cm - Conamore</strong></p><p>A toalha de rosto Imperial na cor branca foi desenvolvida para compor enxovais de hotéis, pousadas, motéis, clínicas e imóveis de temporada. A construção combina absorção, toque confortável e padronização para operações de hospedagem.</p><p>Com gramatura de 600 g/m², peso de 240 g e composição de 90% algodão e 10% poliéster, a peça reúne características relevantes para uso recorrente. Para a conservação, o processo de lavanderia deve sempre respeitar a etiqueta do produto.</p><p><strong>Características:</strong></p><ul><li>Medidas: 50 x 80 cm</li><li>Gramatura: 600 g/m²</li><li>Peso: 240 g</li><li>Composição: 90% algodão e 10% poliéster</li><li>Cor: Branca</li><li>Fio retorcido</li><li>Indicada para lavagem industrial</li></ul><h3>Perguntas frequentes</h3><p><strong>Qual é a gramatura da toalha Imperial?</strong><br />Esta toalha tem gramatura de 600 g/m², característica que contribui para volume, absorção e percepção de conforto. A gramatura deve ser avaliada junto com composição, peso e rotina de lavanderia.</p><p><strong>Qual é a composição desta toalha?</strong><br />A composição informada é 90% algodão e 10% poliéster. Essa informação deve orientar a escolha e o processo de conservação do enxoval.</p><p><strong>Qual é o tamanho da toalha de rosto?</strong><br />A peça mede 50 x 80 cm e pesa 240 g, conforme o cadastro do produto.</p><p><strong>Para que serve a toalha de rosto na hospedagem?</strong><br />É indicada para uso na rotina de higiene do hóspede, ajudando a compor um enxoval padronizado para hotéis, pousadas, motéis e imóveis de temporada.</p><p><strong>Toalha com maior gramatura é sempre melhor?</strong><br />Não. Maior gramatura tende a oferecer mais volume e absorção, mas também influencia peso, lavagem e secagem. A escolha deve considerar a experiência desejada e a operação da lavanderia.</p><p><strong>Como conservar toalhas de hotel?</strong><br />Siga sempre as instruções da etiqueta e ajuste dosagens, lavagem e secagem à composição da peça. A etiqueta do produto prevalece sobre recomendações gerais.</p><p><strong>Como saber quando substituir uma toalha de hotel?</strong><br />Perda relevante de absorção ou maciez, manchas permanentes, desfiados e bordas comprometidas indicam que a peça deve ser avaliada para retirada de circulação.</p><p><strong>Onde comprar toalhas profissionais para hotel?</strong><br />A Conamore é especializada em enxoval para hotelaria e oferece toalhas para hotéis, pousadas, motéis, clínicas e imóveis de temporada.</p>",Toalha Rosto Imperial Branca 50 x 80 cm | Conamore,"toalha de rosto, toalha imperial, toalha branca, toalha para hotel, toalha para pousada, enxoval de banho, toalha profissional, Conamore","Toalha de rosto Imperial branca 50 x 80 cm, 600 g/m² e 90% algodão e 10% poliéster. Para hotéis, pousadas e imóveis de temporada."
4123079,Toalha de Piso  Branca Imperial - 50 x 80 - Gramatura 700g/m2 - peso 280g - 90% Algodão  10% Poliester,"<p><strong>Toalha de Piso Imperial Branca 50 x 80 cm - Conamore</strong></p><p>A toalha de piso Imperial na cor branca foi desenvolvida para compor enxovais de hotéis, pousadas, motéis, clínicas e imóveis de temporada. A construção combina absorção, toque confortável e padronização para operações de hospedagem.</p><p>Com gramatura de 700 g/m², peso de 280 g e composição de 90% algodão e 10% poliéster, a peça reúne características relevantes para uso recorrente. Para a conservação, o processo de lavanderia deve sempre respeitar a etiqueta do produto.</p><p><strong>Características:</strong></p><ul><li>Medidas: 50 x 80 cm</li><li>Gramatura: 700 g/m²</li><li>Peso: 280 g</li><li>Composição: 90% algodão e 10% poliéster</li><li>Cor: Branca</li><li>Fio retorcido</li><li>Indicada para lavagem industrial</li></ul><h3>Perguntas frequentes</h3><p><strong>Qual é a gramatura da toalha Imperial?</strong><br />Esta toalha tem gramatura de 700 g/m², característica que contribui para volume, absorção e percepção de conforto. A gramatura deve ser avaliada junto com composição, peso e rotina de lavanderia.</p><p><strong>Qual é a composição desta toalha?</strong><br />A composição informada é 90% algodão e 10% poliéster. Essa informação deve orientar a escolha e o processo de conservação do enxoval.</p><p><strong>Qual é o tamanho da toalha de piso?</strong><br />A peça mede 50 x 80 cm e pesa 280 g, conforme o cadastro do produto.</p><p><strong>Para que serve a toalha de piso na hospedagem?</strong><br />É indicada para uso na saída do banho, ajudando a compor um enxoval padronizado para hotéis, pousadas, motéis e imóveis de temporada.</p><p><strong>Toalha com maior gramatura é sempre melhor?</strong><br />Não. Maior gramatura tende a oferecer mais volume e absorção, mas também influencia peso, lavagem e secagem. A escolha deve considerar a experiência desejada e a operação da lavanderia.</p><p><strong>Como conservar toalhas de hotel?</strong><br />Siga sempre as instruções da etiqueta e ajuste dosagens, lavagem e secagem à composição da peça. A etiqueta do produto prevalece sobre recomendações gerais.</p><p><strong>Como saber quando substituir uma toalha de hotel?</strong><br />Perda relevante de absorção ou maciez, manchas permanentes, desfiados e bordas comprometidas indicam que a peça deve ser avaliada para retirada de circulação.</p><p><strong>Onde comprar toalhas profissionais para hotel?</strong><br />A Conamore é especializada em enxoval para hotelaria e oferece toalhas para hotéis, pousadas, motéis, clínicas e imóveis de temporada.</p>",Toalha Piso Imperial Branca 50 x 80 cm | Conamore,"toalha de piso, toalha imperial, toalha branca, toalha para hotel, toalha para pousada, enxoval de banho, toalha profissional, Conamore","Toalha de piso Imperial branca 50 x 80 cm, 700 g/m² e 90% algodão e 10% poliéster. Para hotéis, pousadas e imóveis de temporada."
1140017-VERDE,Lençol King com Elastico Amore 150 Fios  -  Verde,"<p><strong>Lençol King com Elástico Amore 150 Fios Verde - Conamore</strong></p><p>O lençol avulso Amore king na cor verde é confeccionado em percal 150 fios 100% algodão. O tecido oferece toque natural e pode compor quartos residenciais e enxovais de imóveis de temporada que priorizam conforto.</p><p>O elástico ajuda a manter a peça ajustada ao colchão. A medida de 2,00 x 2,00 x 0,25 m, incluindo bolsão de 25 cm, deve ser conferida com largura, comprimento e altura do colchão antes da compra.</p><p><strong>Características:</strong></p><ul><li>Medidas: 2,00 x 2,00 x 0,25 m</li><li>Tamanho de cama: King</li><li>Profundidade do bolsão: 25 cm</li><li>Cor: Verde</li><li>Percal 150 fios</li><li>Composição: 100% algodão</li><li>Peça avulsa com elástico</li></ul><h3>Perguntas frequentes</h3><p><strong>Lençol 100% algodão oferece quais características?</strong><br />O algodão proporciona toque natural e é valorizado quando conforto e percepção de qualidade são prioridades. A conservação deve seguir a etiqueta do produto.</p><p><strong>O que significa percal?</strong><br />Percal é uma construção de tecido de trama firme e toque seco e fresco. Contagem de fios, composição e acabamento devem ser avaliados em conjunto.</p><p><strong>Como escolher o tamanho correto do lençol com elástico?</strong><br />Meça largura, comprimento e altura do colchão. A profundidade do bolsão é essencial para que o lençol vista corretamente.</p><p><strong>O que significa a terceira medida do lençol?</strong><br />Na medida 2,00 x 2,00 x 0,25 m, a terceira medida corresponde à profundidade do bolsão: 25 cm.</p><p><strong>Este lençol serve em cama king?</strong><br />Sim, o cadastro indica tamanho king com medida de 2,00 x 2,00 x 0,25 m. Confirme as dimensões do colchão antes da compra.</p><p><strong>Lençol com elástico substitui o lençol de cima?</strong><br />Não. O lençol com elástico fixa sobre o colchão; o lençol plano ou de cima cumpre outra função na montagem da cama.</p><p><strong>Como conservar o lençol 100% algodão?</strong><br />Siga as instruções da etiqueta e ajuste lavagem e secagem à composição. A etiqueta do produto prevalece sobre orientações gerais.</p><p><strong>Onde comprar lençol de algodão para hospedagem?</strong><br />A Conamore oferece lençóis e itens de cama para residências, hotéis, pousadas e imóveis de temporada.</p>",Lençol King Amore 150 Fios Verde | Conamore,"lençol king, lençol Amore, lençol verde, lençol 150 fios, lençol 100% algodão, lençol com elástico, enxoval de cama, Conamore","Lençol king Amore verde com elástico, percal 150 fios 100% algodão e bolsão de 25 cm. Para casas e imóveis de temporada."
1140067-LILAS,Lençol Queen com Elastico 40cm Amore 150 Fios  -  Lilas,"<p><strong>Lençol Queen com Elástico Amore 150 Fios Lilás - Conamore</strong></p><p>O lençol avulso Amore queen na cor lilás é confeccionado em percal 150 fios 100% algodão. O tecido oferece toque natural e pode compor quartos residenciais e enxovais de imóveis de temporada que priorizam conforto.</p><p>O elástico ajuda a manter a peça ajustada ao colchão. A medida de 1,60 x 2,00 x 0,40 m, incluindo bolsão de 40 cm, deve ser conferida com largura, comprimento e altura do colchão antes da compra.</p><p><strong>Características:</strong></p><ul><li>Medidas: 1,60 x 2,00 x 0,40 m</li><li>Tamanho de cama: Queen</li><li>Profundidade do bolsão: 40 cm</li><li>Cor: Lilás</li><li>Percal 150 fios</li><li>Composição: 100% algodão</li><li>Peça avulsa com elástico</li></ul><h3>Perguntas frequentes</h3><p><strong>Lençol 100% algodão oferece quais características?</strong><br />O algodão proporciona toque natural e é valorizado quando conforto e percepção de qualidade são prioridades. A conservação deve seguir a etiqueta do produto.</p><p><strong>O que significa percal?</strong><br />Percal é uma construção de tecido de trama firme e toque seco e fresco. Contagem de fios, composição e acabamento devem ser avaliados em conjunto.</p><p><strong>Como escolher o tamanho correto do lençol com elástico?</strong><br />Meça largura, comprimento e altura do colchão. A profundidade do bolsão é essencial para que o lençol vista corretamente.</p><p><strong>O que significa a terceira medida do lençol?</strong><br />Na medida 1,60 x 2,00 x 0,40 m, a terceira medida corresponde à profundidade do bolsão: 40 cm.</p><p><strong>Este lençol serve em cama queen?</strong><br />Sim, o cadastro indica tamanho queen com medida de 1,60 x 2,00 x 0,40 m. Confirme as dimensões do colchão antes da compra.</p><p><strong>Lençol com elástico substitui o lençol de cima?</strong><br />Não. O lençol com elástico fixa sobre o colchão; o lençol plano ou de cima cumpre outra função na montagem da cama.</p><p><strong>Como conservar o lençol 100% algodão?</strong><br />Siga as instruções da etiqueta e ajuste lavagem e secagem à composição. A etiqueta do produto prevalece sobre orientações gerais.</p><p><strong>Onde comprar lençol de algodão para hospedagem?</strong><br />A Conamore oferece lençóis e itens de cama para residências, hotéis, pousadas e imóveis de temporada.</p>",Lençol Queen Amore 150 Fios Lilás | Conamore,"lençol queen, lençol Amore, lençol lilás, lençol 150 fios, lençol 100% algodão, lençol com elástico, enxoval de cama, Conamore","Lençol queen Amore lilás com elástico, percal 150 fios 100% algodão e bolsão de 40 cm. Para casas e imóveis de temporada."
1140068-BRANCO,Lençol King com Elastico 40cm Amore 150 Fios  - Branco,"<p><strong>Lençol King com Elástico Amore 150 Fios Branco - Conamore</strong></p><p>O lençol avulso Amore king na cor branco é confeccionado em percal 150 fios 100% algodão. O tecido oferece toque natural e pode compor quartos residenciais e enxovais de imóveis de temporada que priorizam conforto.</p><p>O elástico ajuda a manter a peça ajustada ao colchão. A medida de 2,00 x 2,00 x 0,40 m, incluindo bolsão de 40 cm, deve ser conferida com largura, comprimento e altura do colchão antes da compra.</p><p><strong>Características:</strong></p><ul><li>Medidas: 2,00 x 2,00 x 0,40 m</li><li>Tamanho de cama: King</li><li>Profundidade do bolsão: 40 cm</li><li>Cor: Branco</li><li>Percal 150 fios</li><li>Composição: 100% algodão</li><li>Peça avulsa com elástico</li></ul><h3>Perguntas frequentes</h3><p><strong>Lençol 100% algodão oferece quais características?</strong><br />O algodão proporciona toque natural e é valorizado quando conforto e percepção de qualidade são prioridades. A conservação deve seguir a etiqueta do produto.</p><p><strong>O que significa percal?</strong><br />Percal é uma construção de tecido de trama firme e toque seco e fresco. Contagem de fios, composição e acabamento devem ser avaliados em conjunto.</p><p><strong>Como escolher o tamanho correto do lençol com elástico?</strong><br />Meça largura, comprimento e altura do colchão. A profundidade do bolsão é essencial para que o lençol vista corretamente.</p><p><strong>O que significa a terceira medida do lençol?</strong><br />Na medida 2,00 x 2,00 x 0,40 m, a terceira medida corresponde à profundidade do bolsão: 40 cm.</p><p><strong>Este lençol serve em cama king?</strong><br />Sim, o cadastro indica tamanho king com medida de 2,00 x 2,00 x 0,40 m. Confirme as dimensões do colchão antes da compra.</p><p><strong>Lençol com elástico substitui o lençol de cima?</strong><br />Não. O lençol com elástico fixa sobre o colchão; o lençol plano ou de cima cumpre outra função na montagem da cama.</p><p><strong>Como conservar o lençol 100% algodão?</strong><br />Siga as instruções da etiqueta e ajuste lavagem e secagem à composição. A etiqueta do produto prevalece sobre orientações gerais.</p><p><strong>Onde comprar lençol de algodão para hospedagem?</strong><br />A Conamore oferece lençóis e itens de cama para residências, hotéis, pousadas e imóveis de temporada.</p>",Lençol King Amore 150 Fios Branco | Conamore,"lençol king, lençol Amore, lençol branco, lençol 150 fios, lençol 100% algodão, lençol com elástico, enxoval de cama, Conamore","Lençol king Amore branco com elástico, percal 150 fios 100% algodão e bolsão de 40 cm. Para casas e imóveis de temporada."
